-- Adminer 4.7.1 MySQL dump

SET NAMES utf8;
SET time_zone = '+00:00';
SET foreign_key_checks = 0;
SET sql_mode = 'NO_AUTO_VALUE_ON_ZERO';

DROP TABLE IF EXISTS `tb_account`;
CREATE TABLE `tb_account` (
  `account_number` bigint(20) NOT NULL,
  `account_name` varchar(45) DEFAULT NULL,
  `open_date` timestamp NULL DEFAULT current_timestamp(),
  `balance` bigint(20) DEFAULT 0,
  `cif` varchar(15) DEFAULT NULL,
  `username` varchar(45) DEFAULT NULL,
  `password` varchar(45) DEFAULT NULL,
  PRIMARY KEY (`account_number`),
  KEY `FKcrkt5p53pvo1m90w3xq6bqqg3` (`cif`),
  CONSTRAINT `FKcrkt5p53pvo1m90w3xq6bqqg3` FOREIGN KEY (`cif`) REFERENCES `tb_customer` (`cif`)
) ENGINE=InnoDB DEFAULT CHARSET=utf8;

INSERT INTO `tb_account` (`account_number`, `account_name`, `open_date`, `balance`, `cif`, `username`, `password`) VALUES
(1335343463,	'Khoirul Fajri',	'2019-03-25 15:28:26',	5000000,	'K3059163',	'fajri',	'123456'),
(3338046628,	'Dian Sastro',	'2019-03-30 01:02:19',	1000000,	'D9129177',	'dian',	'123456'),
(4305488537,	'Jono Sutejo',	'2019-03-29 16:35:22',	3001,	'J0153176',	'jono2',	'123456'),
(5006031246,	'Ikhsan Fauji',	'2019-03-29 02:58:33',	2000000,	'I1970181',	'ikhsan2',	'123456'),
(7287688874,	'Uswatun Khasanah',	'2019-03-26 13:59:34',	3000000,	'U5759602',	'uswa',	'123456'),
(8512369875,	'Jono Sutejo',	'2019-03-28 16:24:54',	2001000,	'J0153176',	'jono',	'123456'),
(9338031422,	'Uswatun Khasanah',	'2019-03-25 15:11:56',	70171999,	'U5759602',	'uswa2',	'234567'),
(9466785391,	'Ikhsan Fauji',	'2019-03-25 13:20:48',	20000000,	'I1970181',	'ikhsan',	'123456');

DROP TABLE IF EXISTS `tb_customer`;
CREATE TABLE `tb_customer` (
  `cif` varchar(15) NOT NULL,
  `first_name` varchar(45) DEFAULT NULL,
  `last_name` varchar(45) DEFAULT NULL,
  `brith_date` varchar(45) DEFAULT NULL,
  `password` varchar(255) DEFAULT NULL,
  `username` varchar(255) DEFAULT NULL,
  PRIMARY KEY (`cif`)
) ENGINE=InnoDB DEFAULT CHARSET=utf8;

INSERT INTO `tb_customer` (`cif`, `first_name`, `last_name`, `brith_date`, `password`, `username`) VALUES
('C6358985',	'Citra',	'Ika',	'2001-07-11',	NULL,	NULL),
('D9129177',	'Dian',	'Sastro',	'1998-05-24',	NULL,	NULL),
('I1970181',	'Ikhsan',	'Fauji',	'1996-03-11',	NULL,	NULL),
('J0153176',	'Jono',	'Sutejo',	'1997-02-23',	NULL,	NULL),
('K3059163',	'Khoirul',	'Fajri',	'2004-04-14',	NULL,	NULL),
('U5759602',	'Uswatun',	'Khasanah',	'1996-01-15',	NULL,	NULL),
('U7566954',	'Bowo',	'Sumedi',	'1997-10-12',	NULL,	NULL);

DROP TABLE IF EXISTS `tb_customerx`;
CREATE TABLE `tb_customerx` (
  `cif` varchar(45) NOT NULL,
  `first_name` varchar(45) DEFAULT NULL,
  `last_name` varchar(45) DEFAULT NULL,
  PRIMARY KEY (`cif`)
) ENGINE=InnoDB DEFAULT CHARSET=utf8;

INSERT INTO `tb_customerx` (`cif`, `first_name`, `last_name`) VALUES
('S0000001',	'Ocang1',	'Cimen2'),
('S0000002',	'Ocang2',	'Cimen3'),
('S0000003',	'Ocang3',	'Cimen4'),
('S0000004',	'Ocang4',	'Cimen5'),
('S0000005',	'Ocang5',	'Cimen6'),
('S0000006',	'Ocang6',	'Cimen7'),
('S0000007',	'Ocang7',	'Cimen8'),
('S0000008',	'Ocang8',	'Cimen9'),
('S0000009',	'Ocang9',	'Cimen10'),
('S0000010',	'Ocang10',	'Cimen11'),
('S0000011',	'Ocang11',	'Cimen12'),
('S0000012',	'Ocang12',	'Cimen13'),
('S0000013',	'Ocang13',	'Cimen14'),
('S0000014',	'Ocang14',	'Cimen15'),
('S0000015',	'Ocang15',	'Cimen16'),
('S0000016',	'Ocang16',	'Cimen17'),
('S0000017',	'Ocang17',	'Cimen18'),
('S0000018',	'Ocang18',	'Cimen19'),
('S0000019',	'Ocang19',	'Cimen20'),
('S0000020',	'Ocang20',	'Cimen21'),
('S0000021',	'Ocang21',	'Cimen22'),
('S0000022',	'Ocang22',	'Cimen23'),
('S0000023',	'Ocang23',	'Cimen24'),
('S0000024',	'Ocang24',	'Cimen25'),
('S0000025',	'Ocang25',	'Cimen26'),
('S0000026',	'Ocang26',	'Cimen27'),
('S0000027',	'Ocang27',	'Cimen28'),
('S0000028',	'Ocang28',	'Cimen29'),
('S0000029',	'Ocang29',	'Cimen30'),
('S0000030',	'Ocang30',	'Cimen31'),
('S0000031',	'Ocang31',	'Cimen32'),
('S0000032',	'Ocang32',	'Cimen33'),
('S0000033',	'Ocang33',	'Cimen34'),
('S0000034',	'Ocang34',	'Cimen35'),
('S0000035',	'Ocang35',	'Cimen36'),
('S0000036',	'Ocang36',	'Cimen37'),
('S0000037',	'Ocang37',	'Cimen38'),
('S0000038',	'Ocang38',	'Cimen39'),
('S0000039',	'Ocang39',	'Cimen40'),
('S0000040',	'Ocang40',	'Cimen41'),
('S0000041',	'Ocang41',	'Cimen42'),
('S0000042',	'Ocang42',	'Cimen43'),
('S0000043',	'Ocang43',	'Cimen44'),
('S0000044',	'Ocang44',	'Cimen45'),
('S0000045',	'Ocang45',	'Cimen46'),
('S0000046',	'Ocang46',	'Cimen47'),
('S0000047',	'Ocang47',	'Cimen48'),
('S0000048',	'Ocang48',	'Cimen49'),
('S0000049',	'Ocang49',	'Cimen50'),
('S0000050',	'Ocang50',	'Cimen51'),
('S0000051',	'Ocang51',	'Cimen52'),
('S0000052',	'Ocang52',	'Cimen53'),
('S0000053',	'Ocang53',	'Cimen54'),
('S0000054',	'Ocang54',	'Cimen55'),
('S0000055',	'Ocang55',	'Cimen56'),
('S0000056',	'Ocang56',	'Cimen57'),
('S0000057',	'Ocang57',	'Cimen58'),
('S0000058',	'Ocang58',	'Cimen59'),
('S0000059',	'Ocang59',	'Cimen60'),
('S0000060',	'Ocang60',	'Cimen61'),
('S0000061',	'Ocang61',	'Cimen62'),
('S0000062',	'Ocang62',	'Cimen63'),
('S0000063',	'Ocang63',	'Cimen64'),
('S0000064',	'Ocang64',	'Cimen65'),
('S0000065',	'Ocang65',	'Cimen66'),
('S0000066',	'Ocang66',	'Cimen67'),
('S0000067',	'Ocang67',	'Cimen68'),
('S0000068',	'Ocang68',	'Cimen69'),
('S0000069',	'Ocang69',	'Cimen70'),
('S0000070',	'Ocang70',	'Cimen71'),
('S0000071',	'Ocang71',	'Cimen72'),
('S0000072',	'Ocang72',	'Cimen73'),
('S0000073',	'Ocang73',	'Cimen74'),
('S0000074',	'Ocang74',	'Cimen75'),
('S0000075',	'Ocang75',	'Cimen76'),
('S0000076',	'Ocang76',	'Cimen77'),
('S0000077',	'Ocang77',	'Cimen78'),
('S0000078',	'Ocang78',	'Cimen79'),
('S0000079',	'Ocang79',	'Cimen80'),
('S0000080',	'Ocang80',	'Cimen81'),
('S0000081',	'Ocang81',	'Cimen82'),
('S0000082',	'Ocang82',	'Cimen83'),
('S0000083',	'Ocang83',	'Cimen84'),
('S0000084',	'Ocang84',	'Cimen85'),
('S0000085',	'Ocang85',	'Cimen86'),
('S0000086',	'Ocang86',	'Cimen87'),
('S0000087',	'Ocang87',	'Cimen88'),
('S0000088',	'Ocang88',	'Cimen89'),
('S0000089',	'Ocang89',	'Cimen90'),
('S0000090',	'Ocang90',	'Cimen91'),
('S0000091',	'Ocang91',	'Cimen92'),
('S0000092',	'Ocang92',	'Cimen93'),
('S0000093',	'Ocang93',	'Cimen94'),
('S0000094',	'Ocang94',	'Cimen95'),
('S0000095',	'Ocang95',	'Cimen96'),
('S0000096',	'Ocang96',	'Cimen97'),
('S0000097',	'Ocang97',	'Cimen98'),
('S0000098',	'Ocang98',	'Cimen99'),
('S0000099',	'Ocang99',	'Cimen100'),
('S0000100',	'Ocang100',	'Cimen101'),
('S0000101',	'Ocang101',	'Cimen102'),
('S0000102',	'Ocang102',	'Cimen103'),
('S0000103',	'Ocang103',	'Cimen104'),
('S0000104',	'Ocang104',	'Cimen105'),
('S0000105',	'Ocang105',	'Cimen106'),
('S0000106',	'Ocang106',	'Cimen107'),
('S0000107',	'Ocang107',	'Cimen108'),
('S0000108',	'Ocang108',	'Cimen109'),
('S0000109',	'Ocang109',	'Cimen110'),
('S0000110',	'Ocang110',	'Cimen111'),
('S0000111',	'Ocang111',	'Cimen112'),
('S0000112',	'Ocang112',	'Cimen113'),
('S0000113',	'Ocang113',	'Cimen114'),
('S0000114',	'Ocang114',	'Cimen115'),
('S0000115',	'Ocang115',	'Cimen116'),
('S0000116',	'Ocang116',	'Cimen117'),
('S0000117',	'Ocang117',	'Cimen118'),
('S0000118',	'Ocang118',	'Cimen119'),
('S0000119',	'Ocang119',	'Cimen120'),
('S0000120',	'Ocang120',	'Cimen121'),
('S0000121',	'Ocang121',	'Cimen122'),
('S0000122',	'Ocang122',	'Cimen123'),
('S0000123',	'Ocang123',	'Cimen124'),
('S0000124',	'Ocang124',	'Cimen125'),
('S0000125',	'Ocang125',	'Cimen126'),
('S0000126',	'Ocang126',	'Cimen127'),
('S0000127',	'Ocang127',	'Cimen128'),
('S0000128',	'Ocang128',	'Cimen129'),
('S0000129',	'Ocang129',	'Cimen130'),
('S0000130',	'Ocang130',	'Cimen131'),
('S0000131',	'Ocang131',	'Cimen132'),
('S0000132',	'Ocang132',	'Cimen133'),
('S0000133',	'Ocang133',	'Cimen134'),
('S0000134',	'Ocang134',	'Cimen135'),
('S0000135',	'Ocang135',	'Cimen136'),
('S0000136',	'Ocang136',	'Cimen137'),
('S0000137',	'Ocang137',	'Cimen138'),
('S0000138',	'Ocang138',	'Cimen139'),
('S0000139',	'Ocang139',	'Cimen140'),
('S0000140',	'Ocang140',	'Cimen141'),
('S0000141',	'Ocang141',	'Cimen142'),
('S0000142',	'Ocang142',	'Cimen143'),
('S0000143',	'Ocang143',	'Cimen144'),
('S0000144',	'Ocang144',	'Cimen145'),
('S0000145',	'Ocang145',	'Cimen146'),
('S0000146',	'Ocang146',	'Cimen147'),
('S0000147',	'Ocang147',	'Cimen148'),
('S0000148',	'Ocang148',	'Cimen149'),
('S0000149',	'Ocang149',	'Cimen150'),
('S0000150',	'Ocang150',	'Cimen151'),
('S0000151',	'Ocang151',	'Cimen152'),
('S0000152',	'Ocang152',	'Cimen153'),
('S0000153',	'Ocang153',	'Cimen154'),
('S0000154',	'Ocang154',	'Cimen155'),
('S0000155',	'Ocang155',	'Cimen156'),
('S0000156',	'Ocang156',	'Cimen157'),
('S0000157',	'Ocang157',	'Cimen158'),
('S0000158',	'Ocang158',	'Cimen159'),
('S0000159',	'Ocang159',	'Cimen160'),
('S0000160',	'Ocang160',	'Cimen161'),
('S0000161',	'Ocang161',	'Cimen162'),
('S0000162',	'Ocang162',	'Cimen163'),
('S0000163',	'Ocang163',	'Cimen164'),
('S0000164',	'Ocang164',	'Cimen165'),
('S0000165',	'Ocang165',	'Cimen166'),
('S0000166',	'Ocang166',	'Cimen167'),
('S0000167',	'Ocang167',	'Cimen168'),
('S0000168',	'Ocang168',	'Cimen169'),
('S0000169',	'Ocang169',	'Cimen170'),
('S0000170',	'Ocang170',	'Cimen171'),
('S0000171',	'Ocang171',	'Cimen172'),
('S0000172',	'Ocang172',	'Cimen173'),
('S0000173',	'Ocang173',	'Cimen174'),
('S0000174',	'Ocang174',	'Cimen175'),
('S0000175',	'Ocang175',	'Cimen176'),
('S0000176',	'Ocang176',	'Cimen177'),
('S0000177',	'Ocang177',	'Cimen178'),
('S0000178',	'Ocang178',	'Cimen179'),
('S0000179',	'Ocang179',	'Cimen180'),
('S0000180',	'Ocang180',	'Cimen181'),
('S0000181',	'Ocang181',	'Cimen182'),
('S0000182',	'Ocang182',	'Cimen183'),
('S0000183',	'Ocang183',	'Cimen184'),
('S0000184',	'Ocang184',	'Cimen185'),
('S0000185',	'Ocang185',	'Cimen186'),
('S0000186',	'Ocang186',	'Cimen187'),
('S0000187',	'Ocang187',	'Cimen188'),
('S0000188',	'Ocang188',	'Cimen189'),
('S0000189',	'Ocang189',	'Cimen190'),
('S0000190',	'Ocang190',	'Cimen191'),
('S0000191',	'Ocang191',	'Cimen192'),
('S0000192',	'Ocang192',	'Cimen193'),
('S0000193',	'Ocang193',	'Cimen194'),
('S0000194',	'Ocang194',	'Cimen195'),
('S0000195',	'Ocang195',	'Cimen196'),
('S0000196',	'Ocang196',	'Cimen197'),
('S0000197',	'Ocang197',	'Cimen198'),
('S0000198',	'Ocang198',	'Cimen199'),
('S0000199',	'Ocang199',	'Cimen200'),
('S0000200',	'Ocang200',	'Cimen201'),
('S0000201',	'Ocang201',	'Cimen202'),
('S0000202',	'Ocang202',	'Cimen203'),
('S0000203',	'Ocang203',	'Cimen204'),
('S0000204',	'Ocang204',	'Cimen205'),
('S0000205',	'Ocang205',	'Cimen206'),
('S0000206',	'Ocang206',	'Cimen207'),
('S0000207',	'Ocang207',	'Cimen208'),
('S0000208',	'Ocang208',	'Cimen209'),
('S0000209',	'Ocang209',	'Cimen210'),
('S0000210',	'Ocang210',	'Cimen211'),
('S0000211',	'Ocang211',	'Cimen212'),
('S0000212',	'Ocang212',	'Cimen213'),
('S0000213',	'Ocang213',	'Cimen214'),
('S0000214',	'Ocang214',	'Cimen215'),
('S0000215',	'Ocang215',	'Cimen216'),
('S0000216',	'Ocang216',	'Cimen217'),
('S0000217',	'Ocang217',	'Cimen218'),
('S0000218',	'Ocang218',	'Cimen219'),
('S0000219',	'Ocang219',	'Cimen220'),
('S0000220',	'Ocang220',	'Cimen221'),
('S0000221',	'Ocang221',	'Cimen222'),
('S0000222',	'Ocang222',	'Cimen223'),
('S0000223',	'Ocang223',	'Cimen224'),
('S0000224',	'Ocang224',	'Cimen225'),
('S0000225',	'Ocang225',	'Cimen226'),
('S0000226',	'Ocang226',	'Cimen227'),
('S0000227',	'Ocang227',	'Cimen228'),
('S0000228',	'Ocang228',	'Cimen229'),
('S0000229',	'Ocang229',	'Cimen230'),
('S0000230',	'Ocang230',	'Cimen231'),
('S0000231',	'Ocang231',	'Cimen232'),
('S0000232',	'Ocang232',	'Cimen233'),
('S0000233',	'Ocang233',	'Cimen234'),
('S0000234',	'Ocang234',	'Cimen235'),
('S0000235',	'Ocang235',	'Cimen236'),
('S0000236',	'Ocang236',	'Cimen237'),
('S0000237',	'Ocang237',	'Cimen238'),
('S0000238',	'Ocang238',	'Cimen239'),
('S0000239',	'Ocang239',	'Cimen240'),
('S0000240',	'Ocang240',	'Cimen241'),
('S0000241',	'Ocang241',	'Cimen242'),
('S0000242',	'Ocang242',	'Cimen243'),
('S0000243',	'Ocang243',	'Cimen244'),
('S0000244',	'Ocang244',	'Cimen245'),
('S0000245',	'Ocang245',	'Cimen246'),
('S0000246',	'Ocang246',	'Cimen247'),
('S0000247',	'Ocang247',	'Cimen248'),
('S0000248',	'Ocang248',	'Cimen249'),
('S0000249',	'Ocang249',	'Cimen250'),
('S0000250',	'Ocang250',	'Cimen251'),
('S0000251',	'Ocang251',	'Cimen252'),
('S0000252',	'Ocang252',	'Cimen253'),
('S0000253',	'Ocang253',	'Cimen254'),
('S0000254',	'Ocang254',	'Cimen255'),
('S0000255',	'Ocang255',	'Cimen256'),
('S0000256',	'Ocang256',	'Cimen257'),
('S0000257',	'Ocang257',	'Cimen258'),
('S0000258',	'Ocang258',	'Cimen259'),
('S0000259',	'Ocang259',	'Cimen260'),
('S0000260',	'Ocang260',	'Cimen261'),
('S0000261',	'Ocang261',	'Cimen262'),
('S0000262',	'Ocang262',	'Cimen263'),
('S0000263',	'Ocang263',	'Cimen264'),
('S0000264',	'Ocang264',	'Cimen265'),
('S0000265',	'Ocang265',	'Cimen266'),
('S0000266',	'Ocang266',	'Cimen267'),
('S0000267',	'Ocang267',	'Cimen268'),
('S0000268',	'Ocang268',	'Cimen269'),
('S0000269',	'Ocang269',	'Cimen270'),
('S0000270',	'Ocang270',	'Cimen271'),
('S0000271',	'Ocang271',	'Cimen272'),
('S0000272',	'Ocang272',	'Cimen273'),
('S0000273',	'Ocang273',	'Cimen274'),
('S0000274',	'Ocang274',	'Cimen275'),
('S0000275',	'Ocang275',	'Cimen276'),
('S0000276',	'Ocang276',	'Cimen277'),
('S0000277',	'Ocang277',	'Cimen278'),
('S0000278',	'Ocang278',	'Cimen279'),
('S0000279',	'Ocang279',	'Cimen280'),
('S0000280',	'Ocang280',	'Cimen281'),
('S0000281',	'Ocang281',	'Cimen282'),
('S0000282',	'Ocang282',	'Cimen283'),
('S0000283',	'Ocang283',	'Cimen284'),
('S0000284',	'Ocang284',	'Cimen285'),
('S0000285',	'Ocang285',	'Cimen286'),
('S0000286',	'Ocang286',	'Cimen287'),
('S0000287',	'Ocang287',	'Cimen288'),
('S0000288',	'Ocang288',	'Cimen289'),
('S0000289',	'Ocang289',	'Cimen290'),
('S0000290',	'Ocang290',	'Cimen291'),
('S0000291',	'Ocang291',	'Cimen292'),
('S0000292',	'Ocang292',	'Cimen293'),
('S0000293',	'Ocang293',	'Cimen294'),
('S0000294',	'Ocang294',	'Cimen295'),
('S0000295',	'Ocang295',	'Cimen296'),
('S0000296',	'Ocang296',	'Cimen297'),
('S0000297',	'Ocang297',	'Cimen298'),
('S0000298',	'Ocang298',	'Cimen299'),
('S0000299',	'Ocang299',	'Cimen300'),
('S0000300',	'Ocang300',	'Cimen301'),
('S0000301',	'Ocang301',	'Cimen302'),
('S0000302',	'Ocang302',	'Cimen303'),
('S0000303',	'Ocang303',	'Cimen304'),
('S0000304',	'Ocang304',	'Cimen305'),
('S0000305',	'Ocang305',	'Cimen306'),
('S0000306',	'Ocang306',	'Cimen307'),
('S0000307',	'Ocang307',	'Cimen308'),
('S0000308',	'Ocang308',	'Cimen309'),
('S0000309',	'Ocang309',	'Cimen310'),
('S0000310',	'Ocang310',	'Cimen311'),
('S0000311',	'Ocang311',	'Cimen312'),
('S0000312',	'Ocang312',	'Cimen313'),
('S0000313',	'Ocang313',	'Cimen314'),
('S0000314',	'Ocang314',	'Cimen315'),
('S0000315',	'Ocang315',	'Cimen316'),
('S0000316',	'Ocang316',	'Cimen317'),
('S0000317',	'Ocang317',	'Cimen318'),
('S0000318',	'Ocang318',	'Cimen319'),
('S0000319',	'Ocang319',	'Cimen320'),
('S0000320',	'Ocang320',	'Cimen321'),
('S0000321',	'Ocang321',	'Cimen322'),
('S0000322',	'Ocang322',	'Cimen323'),
('S0000323',	'Ocang323',	'Cimen324'),
('S0000324',	'Ocang324',	'Cimen325'),
('S0000325',	'Ocang325',	'Cimen326'),
('S0000326',	'Ocang326',	'Cimen327'),
('S0000327',	'Ocang327',	'Cimen328'),
('S0000328',	'Ocang328',	'Cimen329'),
('S0000329',	'Ocang329',	'Cimen330'),
('S0000330',	'Ocang330',	'Cimen331'),
('S0000331',	'Ocang331',	'Cimen332'),
('S0000332',	'Ocang332',	'Cimen333'),
('S0000333',	'Ocang333',	'Cimen334'),
('S0000334',	'Ocang334',	'Cimen335'),
('S0000335',	'Ocang335',	'Cimen336'),
('S0000336',	'Ocang336',	'Cimen337'),
('S0000337',	'Ocang337',	'Cimen338'),
('S0000338',	'Ocang338',	'Cimen339'),
('S0000339',	'Ocang339',	'Cimen340'),
('S0000340',	'Ocang340',	'Cimen341'),
('S0000341',	'Ocang341',	'Cimen342'),
('S0000342',	'Ocang342',	'Cimen343'),
('S0000343',	'Ocang343',	'Cimen344'),
('S0000344',	'Ocang344',	'Cimen345'),
('S0000345',	'Ocang345',	'Cimen346'),
('S0000346',	'Ocang346',	'Cimen347'),
('S0000347',	'Ocang347',	'Cimen348'),
('S0000348',	'Ocang348',	'Cimen349'),
('S0000349',	'Ocang349',	'Cimen350'),
('S0000350',	'Ocang350',	'Cimen351'),
('S0000351',	'Ocang351',	'Cimen352'),
('S0000352',	'Ocang352',	'Cimen353'),
('S0000353',	'Ocang353',	'Cimen354'),
('S0000354',	'Ocang354',	'Cimen355'),
('S0000355',	'Ocang355',	'Cimen356'),
('S0000356',	'Ocang356',	'Cimen357'),
('S0000357',	'Ocang357',	'Cimen358'),
('S0000358',	'Ocang358',	'Cimen359'),
('S0000359',	'Ocang359',	'Cimen360'),
('S0000360',	'Ocang360',	'Cimen361'),
('S0000361',	'Ocang361',	'Cimen362'),
('S0000362',	'Ocang362',	'Cimen363'),
('S0000363',	'Ocang363',	'Cimen364'),
('S0000364',	'Ocang364',	'Cimen365'),
('S0000365',	'Ocang365',	'Cimen366'),
('S0000366',	'Ocang366',	'Cimen367'),
('S0000367',	'Ocang367',	'Cimen368'),
('S0000368',	'Ocang368',	'Cimen369'),
('S0000369',	'Ocang369',	'Cimen370'),
('S0000370',	'Ocang370',	'Cimen371'),
('S0000371',	'Ocang371',	'Cimen372'),
('S0000372',	'Ocang372',	'Cimen373'),
('S0000373',	'Ocang373',	'Cimen374'),
('S0000374',	'Ocang374',	'Cimen375'),
('S0000375',	'Ocang375',	'Cimen376'),
('S0000376',	'Ocang376',	'Cimen377'),
('S0000377',	'Ocang377',	'Cimen378'),
('S0000378',	'Ocang378',	'Cimen379'),
('S0000379',	'Ocang379',	'Cimen380'),
('S0000380',	'Ocang380',	'Cimen381'),
('S0000381',	'Ocang381',	'Cimen382'),
('S0000382',	'Ocang382',	'Cimen383'),
('S0000383',	'Ocang383',	'Cimen384'),
('S0000384',	'Ocang384',	'Cimen385'),
('S0000385',	'Ocang385',	'Cimen386'),
('S0000386',	'Ocang386',	'Cimen387'),
('S0000387',	'Ocang387',	'Cimen388'),
('S0000388',	'Ocang388',	'Cimen389'),
('S0000389',	'Ocang389',	'Cimen390'),
('S0000390',	'Ocang390',	'Cimen391'),
('S0000391',	'Ocang391',	'Cimen392'),
('S0000392',	'Ocang392',	'Cimen393'),
('S0000393',	'Ocang393',	'Cimen394'),
('S0000394',	'Ocang394',	'Cimen395'),
('S0000395',	'Ocang395',	'Cimen396'),
('S0000396',	'Ocang396',	'Cimen397'),
('S0000397',	'Ocang397',	'Cimen398'),
('S0000398',	'Ocang398',	'Cimen399'),
('S0000399',	'Ocang399',	'Cimen400'),
('S0000400',	'Ocang400',	'Cimen401'),
('S0000401',	'Ocang401',	'Cimen402'),
('S0000402',	'Ocang402',	'Cimen403'),
('S0000403',	'Ocang403',	'Cimen404'),
('S0000404',	'Ocang404',	'Cimen405'),
('S0000405',	'Ocang405',	'Cimen406'),
('S0000406',	'Ocang406',	'Cimen407'),
('S0000407',	'Ocang407',	'Cimen408'),
('S0000408',	'Ocang408',	'Cimen409'),
('S0000409',	'Ocang409',	'Cimen410'),
('S0000410',	'Ocang410',	'Cimen411'),
('S0000411',	'Ocang411',	'Cimen412'),
('S0000412',	'Ocang412',	'Cimen413'),
('S0000413',	'Ocang413',	'Cimen414'),
('S0000414',	'Ocang414',	'Cimen415'),
('S0000415',	'Ocang415',	'Cimen416'),
('S0000416',	'Ocang416',	'Cimen417'),
('S0000417',	'Ocang417',	'Cimen418'),
('S0000418',	'Ocang418',	'Cimen419'),
('S0000419',	'Ocang419',	'Cimen420'),
('S0000420',	'Ocang420',	'Cimen421'),
('S0000421',	'Ocang421',	'Cimen422'),
('S0000422',	'Ocang422',	'Cimen423'),
('S0000423',	'Ocang423',	'Cimen424'),
('S0000424',	'Ocang424',	'Cimen425'),
('S0000425',	'Ocang425',	'Cimen426'),
('S0000426',	'Ocang426',	'Cimen427'),
('S0000427',	'Ocang427',	'Cimen428'),
('S0000428',	'Ocang428',	'Cimen429'),
('S0000429',	'Ocang429',	'Cimen430'),
('S0000430',	'Ocang430',	'Cimen431'),
('S0000431',	'Ocang431',	'Cimen432'),
('S0000432',	'Ocang432',	'Cimen433'),
('S0000433',	'Ocang433',	'Cimen434'),
('S0000434',	'Ocang434',	'Cimen435'),
('S0000435',	'Ocang435',	'Cimen436'),
('S0000436',	'Ocang436',	'Cimen437'),
('S0000437',	'Ocang437',	'Cimen438'),
('S0000438',	'Ocang438',	'Cimen439'),
('S0000439',	'Ocang439',	'Cimen440'),
('S0000440',	'Ocang440',	'Cimen441'),
('S0000441',	'Ocang441',	'Cimen442'),
('S0000442',	'Ocang442',	'Cimen443'),
('S0000443',	'Ocang443',	'Cimen444'),
('S0000444',	'Ocang444',	'Cimen445'),
('S0000445',	'Ocang445',	'Cimen446'),
('S0000446',	'Ocang446',	'Cimen447'),
('S0000447',	'Ocang447',	'Cimen448'),
('S0000448',	'Ocang448',	'Cimen449'),
('S0000449',	'Ocang449',	'Cimen450'),
('S0000450',	'Ocang450',	'Cimen451'),
('S0000451',	'Ocang451',	'Cimen452'),
('S0000452',	'Ocang452',	'Cimen453'),
('S0000453',	'Ocang453',	'Cimen454'),
('S0000454',	'Ocang454',	'Cimen455'),
('S0000455',	'Ocang455',	'Cimen456'),
('S0000456',	'Ocang456',	'Cimen457'),
('S0000457',	'Ocang457',	'Cimen458'),
('S0000458',	'Ocang458',	'Cimen459'),
('S0000459',	'Ocang459',	'Cimen460'),
('S0000460',	'Ocang460',	'Cimen461'),
('S0000461',	'Ocang461',	'Cimen462'),
('S0000462',	'Ocang462',	'Cimen463'),
('S0000463',	'Ocang463',	'Cimen464'),
('S0000464',	'Ocang464',	'Cimen465'),
('S0000465',	'Ocang465',	'Cimen466'),
('S0000466',	'Ocang466',	'Cimen467'),
('S0000467',	'Ocang467',	'Cimen468'),
('S0000468',	'Ocang468',	'Cimen469'),
('S0000469',	'Ocang469',	'Cimen470'),
('S0000470',	'Ocang470',	'Cimen471'),
('S0000471',	'Ocang471',	'Cimen472'),
('S0000472',	'Ocang472',	'Cimen473'),
('S0000473',	'Ocang473',	'Cimen474'),
('S0000474',	'Ocang474',	'Cimen475'),
('S0000475',	'Ocang475',	'Cimen476'),
('S0000476',	'Ocang476',	'Cimen477'),
('S0000477',	'Ocang477',	'Cimen478'),
('S0000478',	'Ocang478',	'Cimen479'),
('S0000479',	'Ocang479',	'Cimen480'),
('S0000480',	'Ocang480',	'Cimen481'),
('S0000481',	'Ocang481',	'Cimen482'),
('S0000482',	'Ocang482',	'Cimen483'),
('S0000483',	'Ocang483',	'Cimen484'),
('S0000484',	'Ocang484',	'Cimen485'),
('S0000485',	'Ocang485',	'Cimen486'),
('S0000486',	'Ocang486',	'Cimen487'),
('S0000487',	'Ocang487',	'Cimen488'),
('S0000488',	'Ocang488',	'Cimen489'),
('S0000489',	'Ocang489',	'Cimen490'),
('S0000490',	'Ocang490',	'Cimen491'),
('S0000491',	'Ocang491',	'Cimen492'),
('S0000492',	'Ocang492',	'Cimen493'),
('S0000493',	'Ocang493',	'Cimen494'),
('S0000494',	'Ocang494',	'Cimen495'),
('S0000495',	'Ocang495',	'Cimen496'),
('S0000496',	'Ocang496',	'Cimen497'),
('S0000497',	'Ocang497',	'Cimen498'),
('S0000498',	'Ocang498',	'Cimen499'),
('S0000499',	'Ocang499',	'Cimen500'),
('S0000500',	'Ocang500',	'Cimen501'),
('T0000001',	'Ocang1',	'Cimen2'),
('T0000002',	'Ocang2',	'Cimen3'),
('T0000003',	'Ocang3',	'Cimen4'),
('T0000004',	'Ocang4',	'Cimen5'),
('T0000005',	'Ocang5',	'Cimen6'),
('T0000006',	'Ocang6',	'Cimen7'),
('T0000007',	'Ocang7',	'Cimen8'),
('T0000008',	'Ocang8',	'Cimen9'),
('T0000009',	'Ocang9',	'Cimen10'),
('T0000010',	'Ocang10',	'Cimen11'),
('T0000011',	'Ocang11',	'Cimen12'),
('T0000012',	'Ocang12',	'Cimen13'),
('T0000013',	'Ocang13',	'Cimen14'),
('T0000014',	'Ocang14',	'Cimen15'),
('T0000015',	'Ocang15',	'Cimen16'),
('T0000016',	'Ocang16',	'Cimen17'),
('T0000017',	'Ocang17',	'Cimen18'),
('T0000018',	'Ocang18',	'Cimen19'),
('T0000019',	'Ocang19',	'Cimen20'),
('T0000020',	'Ocang20',	'Cimen21'),
('T0000021',	'Ocang21',	'Cimen22'),
('T0000022',	'Ocang22',	'Cimen23'),
('T0000023',	'Ocang23',	'Cimen24'),
('T0000024',	'Ocang24',	'Cimen25'),
('T0000025',	'Ocang25',	'Cimen26'),
('T0000026',	'Ocang26',	'Cimen27'),
('T0000027',	'Ocang27',	'Cimen28'),
('T0000028',	'Ocang28',	'Cimen29'),
('T0000029',	'Ocang29',	'Cimen30'),
('T0000030',	'Ocang30',	'Cimen31'),
('T0000031',	'Ocang31',	'Cimen32'),
('T0000032',	'Ocang32',	'Cimen33'),
('T0000033',	'Ocang33',	'Cimen34'),
('T0000034',	'Ocang34',	'Cimen35'),
('T0000035',	'Ocang35',	'Cimen36'),
('T0000036',	'Ocang36',	'Cimen37'),
('T0000037',	'Ocang37',	'Cimen38'),
('T0000038',	'Ocang38',	'Cimen39'),
('T0000039',	'Ocang39',	'Cimen40'),
('T0000040',	'Ocang40',	'Cimen41'),
('T0000041',	'Ocang41',	'Cimen42'),
('T0000042',	'Ocang42',	'Cimen43'),
('T0000043',	'Ocang43',	'Cimen44'),
('T0000044',	'Ocang44',	'Cimen45'),
('T0000045',	'Ocang45',	'Cimen46'),
('T0000046',	'Ocang46',	'Cimen47'),
('T0000047',	'Ocang47',	'Cimen48'),
('T0000048',	'Ocang48',	'Cimen49'),
('T0000049',	'Ocang49',	'Cimen50'),
('T0000050',	'Ocang50',	'Cimen51'),
('T0000051',	'Ocang51',	'Cimen52'),
('T0000052',	'Ocang52',	'Cimen53'),
('T0000053',	'Ocang53',	'Cimen54'),
('T0000054',	'Ocang54',	'Cimen55'),
('T0000055',	'Ocang55',	'Cimen56'),
('T0000056',	'Ocang56',	'Cimen57'),
('T0000057',	'Ocang57',	'Cimen58'),
('T0000058',	'Ocang58',	'Cimen59'),
('T0000059',	'Ocang59',	'Cimen60'),
('T0000060',	'Ocang60',	'Cimen61'),
('T0000061',	'Ocang61',	'Cimen62'),
('T0000062',	'Ocang62',	'Cimen63'),
('T0000063',	'Ocang63',	'Cimen64'),
('T0000064',	'Ocang64',	'Cimen65'),
('T0000065',	'Ocang65',	'Cimen66'),
('T0000066',	'Ocang66',	'Cimen67'),
('T0000067',	'Ocang67',	'Cimen68'),
('T0000068',	'Ocang68',	'Cimen69'),
('T0000069',	'Ocang69',	'Cimen70'),
('T0000070',	'Ocang70',	'Cimen71'),
('T0000071',	'Ocang71',	'Cimen72'),
('T0000072',	'Ocang72',	'Cimen73'),
('T0000073',	'Ocang73',	'Cimen74'),
('T0000074',	'Ocang74',	'Cimen75'),
('T0000075',	'Ocang75',	'Cimen76'),
('T0000076',	'Ocang76',	'Cimen77'),
('T0000077',	'Ocang77',	'Cimen78'),
('T0000078',	'Ocang78',	'Cimen79'),
('T0000079',	'Ocang79',	'Cimen80'),
('T0000080',	'Ocang80',	'Cimen81'),
('T0000081',	'Ocang81',	'Cimen82'),
('T0000082',	'Ocang82',	'Cimen83'),
('T0000083',	'Ocang83',	'Cimen84'),
('T0000084',	'Ocang84',	'Cimen85'),
('T0000085',	'Ocang85',	'Cimen86'),
('T0000086',	'Ocang86',	'Cimen87'),
('T0000087',	'Ocang87',	'Cimen88'),
('T0000088',	'Ocang88',	'Cimen89'),
('T0000089',	'Ocang89',	'Cimen90'),
('T0000090',	'Ocang90',	'Cimen91'),
('T0000091',	'Ocang91',	'Cimen92'),
('T0000092',	'Ocang92',	'Cimen93'),
('T0000093',	'Ocang93',	'Cimen94'),
('T0000094',	'Ocang94',	'Cimen95'),
('T0000095',	'Ocang95',	'Cimen96'),
('T0000096',	'Ocang96',	'Cimen97'),
('T0000097',	'Ocang97',	'Cimen98'),
('T0000098',	'Ocang98',	'Cimen99'),
('T0000099',	'Ocang99',	'Cimen100'),
('T0000100',	'Ocang100',	'Cimen101'),
('T0000101',	'Ocang101',	'Cimen102'),
('T0000102',	'Ocang102',	'Cimen103'),
('T0000103',	'Ocang103',	'Cimen104'),
('T0000104',	'Ocang104',	'Cimen105'),
('T0000105',	'Ocang105',	'Cimen106'),
('T0000106',	'Ocang106',	'Cimen107'),
('T0000107',	'Ocang107',	'Cimen108'),
('T0000108',	'Ocang108',	'Cimen109'),
('T0000109',	'Ocang109',	'Cimen110'),
('T0000110',	'Ocang110',	'Cimen111'),
('T0000111',	'Ocang111',	'Cimen112'),
('T0000112',	'Ocang112',	'Cimen113'),
('T0000113',	'Ocang113',	'Cimen114'),
('T0000114',	'Ocang114',	'Cimen115'),
('T0000115',	'Ocang115',	'Cimen116'),
('T0000116',	'Ocang116',	'Cimen117'),
('T0000117',	'Ocang117',	'Cimen118'),
('T0000118',	'Ocang118',	'Cimen119'),
('T0000119',	'Ocang119',	'Cimen120'),
('T0000120',	'Ocang120',	'Cimen121'),
('T0000121',	'Ocang121',	'Cimen122'),
('T0000122',	'Ocang122',	'Cimen123'),
('T0000123',	'Ocang123',	'Cimen124'),
('T0000124',	'Ocang124',	'Cimen125'),
('T0000125',	'Ocang125',	'Cimen126'),
('T0000126',	'Ocang126',	'Cimen127'),
('T0000127',	'Ocang127',	'Cimen128'),
('T0000128',	'Ocang128',	'Cimen129'),
('T0000129',	'Ocang129',	'Cimen130'),
('T0000130',	'Ocang130',	'Cimen131'),
('T0000131',	'Ocang131',	'Cimen132'),
('T0000132',	'Ocang132',	'Cimen133'),
('T0000133',	'Ocang133',	'Cimen134'),
('T0000134',	'Ocang134',	'Cimen135'),
('T0000135',	'Ocang135',	'Cimen136'),
('T0000136',	'Ocang136',	'Cimen137'),
('T0000137',	'Ocang137',	'Cimen138'),
('T0000138',	'Ocang138',	'Cimen139'),
('T0000139',	'Ocang139',	'Cimen140'),
('T0000140',	'Ocang140',	'Cimen141'),
('T0000141',	'Ocang141',	'Cimen142'),
('T0000142',	'Ocang142',	'Cimen143'),
('T0000143',	'Ocang143',	'Cimen144'),
('T0000144',	'Ocang144',	'Cimen145'),
('T0000145',	'Ocang145',	'Cimen146'),
('T0000146',	'Ocang146',	'Cimen147'),
('T0000147',	'Ocang147',	'Cimen148'),
('T0000148',	'Ocang148',	'Cimen149'),
('T0000149',	'Ocang149',	'Cimen150'),
('T0000150',	'Ocang150',	'Cimen151'),
('T0000151',	'Ocang151',	'Cimen152'),
('T0000152',	'Ocang152',	'Cimen153'),
('T0000153',	'Ocang153',	'Cimen154'),
('T0000154',	'Ocang154',	'Cimen155'),
('T0000155',	'Ocang155',	'Cimen156'),
('T0000156',	'Ocang156',	'Cimen157'),
('T0000157',	'Ocang157',	'Cimen158'),
('T0000158',	'Ocang158',	'Cimen159'),
('T0000159',	'Ocang159',	'Cimen160'),
('T0000160',	'Ocang160',	'Cimen161'),
('T0000161',	'Ocang161',	'Cimen162'),
('T0000162',	'Ocang162',	'Cimen163'),
('T0000163',	'Ocang163',	'Cimen164'),
('T0000164',	'Ocang164',	'Cimen165'),
('T0000165',	'Ocang165',	'Cimen166'),
('T0000166',	'Ocang166',	'Cimen167'),
('T0000167',	'Ocang167',	'Cimen168'),
('T0000168',	'Ocang168',	'Cimen169'),
('T0000169',	'Ocang169',	'Cimen170'),
('T0000170',	'Ocang170',	'Cimen171'),
('T0000171',	'Ocang171',	'Cimen172'),
('T0000172',	'Ocang172',	'Cimen173'),
('T0000173',	'Ocang173',	'Cimen174'),
('T0000174',	'Ocang174',	'Cimen175'),
('T0000175',	'Ocang175',	'Cimen176'),
('T0000176',	'Ocang176',	'Cimen177'),
('T0000177',	'Ocang177',	'Cimen178'),
('T0000178',	'Ocang178',	'Cimen179'),
('T0000179',	'Ocang179',	'Cimen180'),
('T0000180',	'Ocang180',	'Cimen181'),
('T0000181',	'Ocang181',	'Cimen182'),
('T0000182',	'Ocang182',	'Cimen183'),
('T0000183',	'Ocang183',	'Cimen184'),
('T0000184',	'Ocang184',	'Cimen185'),
('T0000185',	'Ocang185',	'Cimen186'),
('T0000186',	'Ocang186',	'Cimen187'),
('T0000187',	'Ocang187',	'Cimen188'),
('T0000188',	'Ocang188',	'Cimen189'),
('T0000189',	'Ocang189',	'Cimen190'),
('T0000190',	'Ocang190',	'Cimen191'),
('T0000191',	'Ocang191',	'Cimen192'),
('T0000192',	'Ocang192',	'Cimen193'),
('T0000193',	'Ocang193',	'Cimen194'),
('T0000194',	'Ocang194',	'Cimen195'),
('T0000195',	'Ocang195',	'Cimen196'),
('T0000196',	'Ocang196',	'Cimen197'),
('T0000197',	'Ocang197',	'Cimen198'),
('T0000198',	'Ocang198',	'Cimen199'),
('T0000199',	'Ocang199',	'Cimen200'),
('T0000200',	'Ocang200',	'Cimen201'),
('T0000201',	'Ocang201',	'Cimen202'),
('T0000202',	'Ocang202',	'Cimen203'),
('T0000203',	'Ocang203',	'Cimen204'),
('T0000204',	'Ocang204',	'Cimen205'),
('T0000205',	'Ocang205',	'Cimen206'),
('T0000206',	'Ocang206',	'Cimen207'),
('T0000207',	'Ocang207',	'Cimen208'),
('T0000208',	'Ocang208',	'Cimen209'),
('T0000209',	'Ocang209',	'Cimen210'),
('T0000210',	'Ocang210',	'Cimen211'),
('T0000211',	'Ocang211',	'Cimen212'),
('T0000212',	'Ocang212',	'Cimen213'),
('T0000213',	'Ocang213',	'Cimen214'),
('T0000214',	'Ocang214',	'Cimen215'),
('T0000215',	'Ocang215',	'Cimen216'),
('T0000216',	'Ocang216',	'Cimen217'),
('T0000217',	'Ocang217',	'Cimen218'),
('T0000218',	'Ocang218',	'Cimen219'),
('T0000219',	'Ocang219',	'Cimen220'),
('T0000220',	'Ocang220',	'Cimen221'),
('T0000221',	'Ocang221',	'Cimen222'),
('T0000222',	'Ocang222',	'Cimen223'),
('T0000223',	'Ocang223',	'Cimen224'),
('T0000224',	'Ocang224',	'Cimen225'),
('T0000225',	'Ocang225',	'Cimen226'),
('T0000226',	'Ocang226',	'Cimen227'),
('T0000227',	'Ocang227',	'Cimen228'),
('T0000228',	'Ocang228',	'Cimen229'),
('T0000229',	'Ocang229',	'Cimen230'),
('T0000230',	'Ocang230',	'Cimen231'),
('T0000231',	'Ocang231',	'Cimen232'),
('T0000232',	'Ocang232',	'Cimen233'),
('T0000233',	'Ocang233',	'Cimen234'),
('T0000234',	'Ocang234',	'Cimen235'),
('T0000235',	'Ocang235',	'Cimen236'),
('T0000236',	'Ocang236',	'Cimen237'),
('T0000237',	'Ocang237',	'Cimen238'),
('T0000238',	'Ocang238',	'Cimen239'),
('T0000239',	'Ocang239',	'Cimen240'),
('T0000240',	'Ocang240',	'Cimen241'),
('T0000241',	'Ocang241',	'Cimen242'),
('T0000242',	'Ocang242',	'Cimen243'),
('T0000243',	'Ocang243',	'Cimen244'),
('T0000244',	'Ocang244',	'Cimen245'),
('T0000245',	'Ocang245',	'Cimen246'),
('T0000246',	'Ocang246',	'Cimen247'),
('T0000247',	'Ocang247',	'Cimen248'),
('T0000248',	'Ocang248',	'Cimen249'),
('T0000249',	'Ocang249',	'Cimen250'),
('T0000250',	'Ocang250',	'Cimen251'),
('T0000251',	'Ocang251',	'Cimen252'),
('T0000252',	'Ocang252',	'Cimen253'),
('T0000253',	'Ocang253',	'Cimen254'),
('T0000254',	'Ocang254',	'Cimen255'),
('T0000255',	'Ocang255',	'Cimen256'),
('T0000256',	'Ocang256',	'Cimen257'),
('T0000257',	'Ocang257',	'Cimen258'),
('T0000258',	'Ocang258',	'Cimen259'),
('T0000259',	'Ocang259',	'Cimen260'),
('T0000260',	'Ocang260',	'Cimen261'),
('T0000261',	'Ocang261',	'Cimen262'),
('T0000262',	'Ocang262',	'Cimen263'),
('T0000263',	'Ocang263',	'Cimen264'),
('T0000264',	'Ocang264',	'Cimen265'),
('T0000265',	'Ocang265',	'Cimen266'),
('T0000266',	'Ocang266',	'Cimen267'),
('T0000267',	'Ocang267',	'Cimen268'),
('T0000268',	'Ocang268',	'Cimen269'),
('T0000269',	'Ocang269',	'Cimen270'),
('T0000270',	'Ocang270',	'Cimen271'),
('T0000271',	'Ocang271',	'Cimen272'),
('T0000272',	'Ocang272',	'Cimen273'),
('T0000273',	'Ocang273',	'Cimen274'),
('T0000274',	'Ocang274',	'Cimen275'),
('T0000275',	'Ocang275',	'Cimen276'),
('T0000276',	'Ocang276',	'Cimen277'),
('T0000277',	'Ocang277',	'Cimen278'),
('T0000278',	'Ocang278',	'Cimen279'),
('T0000279',	'Ocang279',	'Cimen280'),
('T0000280',	'Ocang280',	'Cimen281'),
('T0000281',	'Ocang281',	'Cimen282'),
('T0000282',	'Ocang282',	'Cimen283'),
('T0000283',	'Ocang283',	'Cimen284'),
('T0000284',	'Ocang284',	'Cimen285'),
('T0000285',	'Ocang285',	'Cimen286'),
('T0000286',	'Ocang286',	'Cimen287'),
('T0000287',	'Ocang287',	'Cimen288'),
('T0000288',	'Ocang288',	'Cimen289'),
('T0000289',	'Ocang289',	'Cimen290'),
('T0000290',	'Ocang290',	'Cimen291'),
('T0000291',	'Ocang291',	'Cimen292'),
('T0000292',	'Ocang292',	'Cimen293'),
('T0000293',	'Ocang293',	'Cimen294'),
('T0000294',	'Ocang294',	'Cimen295'),
('T0000295',	'Ocang295',	'Cimen296'),
('T0000296',	'Ocang296',	'Cimen297'),
('T0000297',	'Ocang297',	'Cimen298'),
('T0000298',	'Ocang298',	'Cimen299'),
('T0000299',	'Ocang299',	'Cimen300'),
('T0000300',	'Ocang300',	'Cimen301'),
('T0000301',	'Ocang301',	'Cimen302'),
('T0000302',	'Ocang302',	'Cimen303'),
('T0000303',	'Ocang303',	'Cimen304'),
('T0000304',	'Ocang304',	'Cimen305'),
('T0000305',	'Ocang305',	'Cimen306'),
('T0000306',	'Ocang306',	'Cimen307'),
('T0000307',	'Ocang307',	'Cimen308'),
('T0000308',	'Ocang308',	'Cimen309'),
('T0000309',	'Ocang309',	'Cimen310'),
('T0000310',	'Ocang310',	'Cimen311'),
('T0000311',	'Ocang311',	'Cimen312'),
('T0000312',	'Ocang312',	'Cimen313'),
('T0000313',	'Ocang313',	'Cimen314'),
('T0000314',	'Ocang314',	'Cimen315'),
('T0000315',	'Ocang315',	'Cimen316'),
('T0000316',	'Ocang316',	'Cimen317'),
('T0000317',	'Ocang317',	'Cimen318'),
('T0000318',	'Ocang318',	'Cimen319'),
('T0000319',	'Ocang319',	'Cimen320'),
('T0000320',	'Ocang320',	'Cimen321'),
('T0000321',	'Ocang321',	'Cimen322'),
('T0000322',	'Ocang322',	'Cimen323'),
('T0000323',	'Ocang323',	'Cimen324'),
('T0000324',	'Ocang324',	'Cimen325'),
('T0000325',	'Ocang325',	'Cimen326'),
('T0000326',	'Ocang326',	'Cimen327'),
('T0000327',	'Ocang327',	'Cimen328'),
('T0000328',	'Ocang328',	'Cimen329'),
('T0000329',	'Ocang329',	'Cimen330'),
('T0000330',	'Ocang330',	'Cimen331'),
('T0000331',	'Ocang331',	'Cimen332'),
('T0000332',	'Ocang332',	'Cimen333'),
('T0000333',	'Ocang333',	'Cimen334'),
('T0000334',	'Ocang334',	'Cimen335'),
('T0000335',	'Ocang335',	'Cimen336'),
('T0000336',	'Ocang336',	'Cimen337'),
('T0000337',	'Ocang337',	'Cimen338'),
('T0000338',	'Ocang338',	'Cimen339'),
('T0000339',	'Ocang339',	'Cimen340'),
('T0000340',	'Ocang340',	'Cimen341'),
('T0000341',	'Ocang341',	'Cimen342'),
('T0000342',	'Ocang342',	'Cimen343'),
('T0000343',	'Ocang343',	'Cimen344'),
('T0000344',	'Ocang344',	'Cimen345'),
('T0000345',	'Ocang345',	'Cimen346'),
('T0000346',	'Ocang346',	'Cimen347'),
('T0000347',	'Ocang347',	'Cimen348'),
('T0000348',	'Ocang348',	'Cimen349'),
('T0000349',	'Ocang349',	'Cimen350'),
('T0000350',	'Ocang350',	'Cimen351'),
('T0000351',	'Ocang351',	'Cimen352'),
('T0000352',	'Ocang352',	'Cimen353'),
('T0000353',	'Ocang353',	'Cimen354'),
('T0000354',	'Ocang354',	'Cimen355'),
('T0000355',	'Ocang355',	'Cimen356'),
('T0000356',	'Ocang356',	'Cimen357'),
('T0000357',	'Ocang357',	'Cimen358'),
('T0000358',	'Ocang358',	'Cimen359'),
('T0000359',	'Ocang359',	'Cimen360'),
('T0000360',	'Ocang360',	'Cimen361'),
('T0000361',	'Ocang361',	'Cimen362'),
('T0000362',	'Ocang362',	'Cimen363'),
('T0000363',	'Ocang363',	'Cimen364'),
('T0000364',	'Ocang364',	'Cimen365'),
('T0000365',	'Ocang365',	'Cimen366'),
('T0000366',	'Ocang366',	'Cimen367'),
('T0000367',	'Ocang367',	'Cimen368'),
('T0000368',	'Ocang368',	'Cimen369'),
('T0000369',	'Ocang369',	'Cimen370'),
('T0000370',	'Ocang370',	'Cimen371'),
('T0000371',	'Ocang371',	'Cimen372'),
('T0000372',	'Ocang372',	'Cimen373'),
('T0000373',	'Ocang373',	'Cimen374'),
('T0000374',	'Ocang374',	'Cimen375'),
('T0000375',	'Ocang375',	'Cimen376'),
('T0000376',	'Ocang376',	'Cimen377'),
('T0000377',	'Ocang377',	'Cimen378'),
('T0000378',	'Ocang378',	'Cimen379'),
('T0000379',	'Ocang379',	'Cimen380'),
('T0000380',	'Ocang380',	'Cimen381'),
('T0000381',	'Ocang381',	'Cimen382'),
('T0000382',	'Ocang382',	'Cimen383'),
('T0000383',	'Ocang383',	'Cimen384'),
('T0000384',	'Ocang384',	'Cimen385'),
('T0000385',	'Ocang385',	'Cimen386'),
('T0000386',	'Ocang386',	'Cimen387'),
('T0000387',	'Ocang387',	'Cimen388'),
('T0000388',	'Ocang388',	'Cimen389'),
('T0000389',	'Ocang389',	'Cimen390'),
('T0000390',	'Ocang390',	'Cimen391'),
('T0000391',	'Ocang391',	'Cimen392'),
('T0000392',	'Ocang392',	'Cimen393'),
('T0000393',	'Ocang393',	'Cimen394'),
('T0000394',	'Ocang394',	'Cimen395'),
('T0000395',	'Ocang395',	'Cimen396'),
('T0000396',	'Ocang396',	'Cimen397'),
('T0000397',	'Ocang397',	'Cimen398'),
('T0000398',	'Ocang398',	'Cimen399'),
('T0000399',	'Ocang399',	'Cimen400'),
('T0000400',	'Ocang400',	'Cimen401'),
('T0000401',	'Ocang401',	'Cimen402'),
('T0000402',	'Ocang402',	'Cimen403'),
('T0000403',	'Ocang403',	'Cimen404'),
('T0000404',	'Ocang404',	'Cimen405'),
('T0000405',	'Ocang405',	'Cimen406'),
('T0000406',	'Ocang406',	'Cimen407'),
('T0000407',	'Ocang407',	'Cimen408'),
('T0000408',	'Ocang408',	'Cimen409'),
('T0000409',	'Ocang409',	'Cimen410'),
('T0000410',	'Ocang410',	'Cimen411'),
('T0000411',	'Ocang411',	'Cimen412'),
('T0000412',	'Ocang412',	'Cimen413'),
('T0000413',	'Ocang413',	'Cimen414'),
('T0000414',	'Ocang414',	'Cimen415'),
('T0000415',	'Ocang415',	'Cimen416'),
('T0000416',	'Ocang416',	'Cimen417'),
('T0000417',	'Ocang417',	'Cimen418'),
('T0000418',	'Ocang418',	'Cimen419'),
('T0000419',	'Ocang419',	'Cimen420'),
('T0000420',	'Ocang420',	'Cimen421'),
('T0000421',	'Ocang421',	'Cimen422'),
('T0000422',	'Ocang422',	'Cimen423'),
('T0000423',	'Ocang423',	'Cimen424'),
('T0000424',	'Ocang424',	'Cimen425'),
('T0000425',	'Ocang425',	'Cimen426'),
('T0000426',	'Ocang426',	'Cimen427'),
('T0000427',	'Ocang427',	'Cimen428'),
('T0000428',	'Ocang428',	'Cimen429'),
('T0000429',	'Ocang429',	'Cimen430'),
('T0000430',	'Ocang430',	'Cimen431'),
('T0000431',	'Ocang431',	'Cimen432'),
('T0000432',	'Ocang432',	'Cimen433'),
('T0000433',	'Ocang433',	'Cimen434'),
('T0000434',	'Ocang434',	'Cimen435'),
('T0000435',	'Ocang435',	'Cimen436'),
('T0000436',	'Ocang436',	'Cimen437'),
('T0000437',	'Ocang437',	'Cimen438'),
('T0000438',	'Ocang438',	'Cimen439'),
('T0000439',	'Ocang439',	'Cimen440'),
('T0000440',	'Ocang440',	'Cimen441'),
('T0000441',	'Ocang441',	'Cimen442'),
('T0000442',	'Ocang442',	'Cimen443'),
('T0000443',	'Ocang443',	'Cimen444'),
('T0000444',	'Ocang444',	'Cimen445'),
('T0000445',	'Ocang445',	'Cimen446'),
('T0000446',	'Ocang446',	'Cimen447'),
('T0000447',	'Ocang447',	'Cimen448'),
('T0000448',	'Ocang448',	'Cimen449'),
('T0000449',	'Ocang449',	'Cimen450'),
('T0000450',	'Ocang450',	'Cimen451'),
('T0000451',	'Ocang451',	'Cimen452'),
('T0000452',	'Ocang452',	'Cimen453'),
('T0000453',	'Ocang453',	'Cimen454'),
('T0000454',	'Ocang454',	'Cimen455'),
('T0000455',	'Ocang455',	'Cimen456'),
('T0000456',	'Ocang456',	'Cimen457'),
('T0000457',	'Ocang457',	'Cimen458'),
('T0000458',	'Ocang458',	'Cimen459'),
('T0000459',	'Ocang459',	'Cimen460'),
('T0000460',	'Ocang460',	'Cimen461'),
('T0000461',	'Ocang461',	'Cimen462'),
('T0000462',	'Ocang462',	'Cimen463'),
('T0000463',	'Ocang463',	'Cimen464'),
('T0000464',	'Ocang464',	'Cimen465'),
('T0000465',	'Ocang465',	'Cimen466'),
('T0000466',	'Ocang466',	'Cimen467'),
('T0000467',	'Ocang467',	'Cimen468'),
('T0000468',	'Ocang468',	'Cimen469'),
('T0000469',	'Ocang469',	'Cimen470'),
('T0000470',	'Ocang470',	'Cimen471'),
('T0000471',	'Ocang471',	'Cimen472'),
('T0000472',	'Ocang472',	'Cimen473'),
('T0000473',	'Ocang473',	'Cimen474'),
('T0000474',	'Ocang474',	'Cimen475'),
('T0000475',	'Ocang475',	'Cimen476'),
('T0000476',	'Ocang476',	'Cimen477'),
('T0000477',	'Ocang477',	'Cimen478'),
('T0000478',	'Ocang478',	'Cimen479'),
('T0000479',	'Ocang479',	'Cimen480'),
('T0000480',	'Ocang480',	'Cimen481'),
('T0000481',	'Ocang481',	'Cimen482'),
('T0000482',	'Ocang482',	'Cimen483'),
('T0000483',	'Ocang483',	'Cimen484'),
('T0000484',	'Ocang484',	'Cimen485'),
('T0000485',	'Ocang485',	'Cimen486'),
('T0000486',	'Ocang486',	'Cimen487'),
('T0000487',	'Ocang487',	'Cimen488'),
('T0000488',	'Ocang488',	'Cimen489'),
('T0000489',	'Ocang489',	'Cimen490'),
('T0000490',	'Ocang490',	'Cimen491'),
('T0000491',	'Ocang491',	'Cimen492'),
('T0000492',	'Ocang492',	'Cimen493'),
('T0000493',	'Ocang493',	'Cimen494'),
('T0000494',	'Ocang494',	'Cimen495'),
('T0000495',	'Ocang495',	'Cimen496'),
('T0000496',	'Ocang496',	'Cimen497'),
('T0000497',	'Ocang497',	'Cimen498'),
('T0000498',	'Ocang498',	'Cimen499'),
('T0000499',	'Ocang499',	'Cimen500'),
('T0000500',	'Ocang500',	'Cimen501'),
('U0000001',	'Ocang1',	'Cimen2'),
('U0000002',	'Ocang2',	'Cimen3'),
('U0000003',	'Ocang3',	'Cimen4'),
('U0000004',	'Ocang4',	'Cimen5'),
('U0000005',	'Ocang5',	'Cimen6'),
('U0000006',	'Ocang6',	'Cimen7'),
('U0000007',	'Ocang7',	'Cimen8'),
('U0000008',	'Ocang8',	'Cimen9'),
('U0000009',	'Ocang9',	'Cimen10'),
('U0000010',	'Ocang10',	'Cimen11'),
('U0000011',	'Ocang11',	'Cimen12'),
('U0000012',	'Ocang12',	'Cimen13'),
('U0000013',	'Ocang13',	'Cimen14'),
('U0000014',	'Ocang14',	'Cimen15'),
('U0000015',	'Ocang15',	'Cimen16'),
('U0000016',	'Ocang16',	'Cimen17'),
('U0000017',	'Ocang17',	'Cimen18'),
('U0000018',	'Ocang18',	'Cimen19'),
('U0000019',	'Ocang19',	'Cimen20'),
('U0000020',	'Ocang20',	'Cimen21'),
('U0000021',	'Ocang21',	'Cimen22'),
('U0000022',	'Ocang22',	'Cimen23'),
('U0000023',	'Ocang23',	'Cimen24'),
('U0000024',	'Ocang24',	'Cimen25'),
('U0000025',	'Ocang25',	'Cimen26'),
('U0000026',	'Ocang26',	'Cimen27'),
('U0000027',	'Ocang27',	'Cimen28'),
('U0000028',	'Ocang28',	'Cimen29'),
('U0000029',	'Ocang29',	'Cimen30'),
('U0000030',	'Ocang30',	'Cimen31'),
('U0000031',	'Ocang31',	'Cimen32'),
('U0000032',	'Ocang32',	'Cimen33'),
('U0000033',	'Ocang33',	'Cimen34'),
('U0000034',	'Ocang34',	'Cimen35'),
('U0000035',	'Ocang35',	'Cimen36'),
('U0000036',	'Ocang36',	'Cimen37'),
('U0000037',	'Ocang37',	'Cimen38'),
('U0000038',	'Ocang38',	'Cimen39'),
('U0000039',	'Ocang39',	'Cimen40'),
('U0000040',	'Ocang40',	'Cimen41'),
('U0000041',	'Ocang41',	'Cimen42'),
('U0000042',	'Ocang42',	'Cimen43'),
('U0000043',	'Ocang43',	'Cimen44'),
('U0000044',	'Ocang44',	'Cimen45'),
('U0000045',	'Ocang45',	'Cimen46'),
('U0000046',	'Ocang46',	'Cimen47'),
('U0000047',	'Ocang47',	'Cimen48'),
('U0000048',	'Ocang48',	'Cimen49'),
('U0000049',	'Ocang49',	'Cimen50'),
('U0000050',	'Ocang50',	'Cimen51'),
('U0000051',	'Ocang51',	'Cimen52'),
('U0000052',	'Ocang52',	'Cimen53'),
('U0000053',	'Ocang53',	'Cimen54'),
('U0000054',	'Ocang54',	'Cimen55'),
('U0000055',	'Ocang55',	'Cimen56'),
('U0000056',	'Ocang56',	'Cimen57'),
('U0000057',	'Ocang57',	'Cimen58'),
('U0000058',	'Ocang58',	'Cimen59'),
('U0000059',	'Ocang59',	'Cimen60'),
('U0000060',	'Ocang60',	'Cimen61'),
('U0000061',	'Ocang61',	'Cimen62'),
('U0000062',	'Ocang62',	'Cimen63'),
('U0000063',	'Ocang63',	'Cimen64'),
('U0000064',	'Ocang64',	'Cimen65'),
('U0000065',	'Ocang65',	'Cimen66'),
('U0000066',	'Ocang66',	'Cimen67'),
('U0000067',	'Ocang67',	'Cimen68'),
('U0000068',	'Ocang68',	'Cimen69'),
('U0000069',	'Ocang69',	'Cimen70'),
('U0000070',	'Ocang70',	'Cimen71'),
('U0000071',	'Ocang71',	'Cimen72'),
('U0000072',	'Ocang72',	'Cimen73'),
('U0000073',	'Ocang73',	'Cimen74'),
('U0000074',	'Ocang74',	'Cimen75'),
('U0000075',	'Ocang75',	'Cimen76'),
('U0000076',	'Ocang76',	'Cimen77'),
('U0000077',	'Ocang77',	'Cimen78'),
('U0000078',	'Ocang78',	'Cimen79'),
('U0000079',	'Ocang79',	'Cimen80'),
('U0000080',	'Ocang80',	'Cimen81'),
('U0000081',	'Ocang81',	'Cimen82'),
('U0000082',	'Ocang82',	'Cimen83'),
('U0000083',	'Ocang83',	'Cimen84'),
('U0000084',	'Ocang84',	'Cimen85'),
('U0000085',	'Ocang85',	'Cimen86'),
('U0000086',	'Ocang86',	'Cimen87'),
('U0000087',	'Ocang87',	'Cimen88'),
('U0000088',	'Ocang88',	'Cimen89'),
('U0000089',	'Ocang89',	'Cimen90'),
('U0000090',	'Ocang90',	'Cimen91'),
('U0000091',	'Ocang91',	'Cimen92'),
('U0000092',	'Ocang92',	'Cimen93'),
('U0000093',	'Ocang93',	'Cimen94'),
('U0000094',	'Ocang94',	'Cimen95'),
('U0000095',	'Ocang95',	'Cimen96'),
('U0000096',	'Ocang96',	'Cimen97'),
('U0000097',	'Ocang97',	'Cimen98'),
('U0000098',	'Ocang98',	'Cimen99'),
('U0000099',	'Ocang99',	'Cimen100'),
('U0000100',	'Ocang100',	'Cimen101'),
('U0000101',	'Ocang101',	'Cimen102'),
('U0000102',	'Ocang102',	'Cimen103'),
('U0000103',	'Ocang103',	'Cimen104'),
('U0000104',	'Ocang104',	'Cimen105'),
('U0000105',	'Ocang105',	'Cimen106'),
('U0000106',	'Ocang106',	'Cimen107'),
('U0000107',	'Ocang107',	'Cimen108'),
('U0000108',	'Ocang108',	'Cimen109'),
('U0000109',	'Ocang109',	'Cimen110'),
('U0000110',	'Ocang110',	'Cimen111'),
('U0000111',	'Ocang111',	'Cimen112'),
('U0000112',	'Ocang112',	'Cimen113'),
('U0000113',	'Ocang113',	'Cimen114'),
('U0000114',	'Ocang114',	'Cimen115'),
('U0000115',	'Ocang115',	'Cimen116'),
('U0000116',	'Ocang116',	'Cimen117'),
('U0000117',	'Ocang117',	'Cimen118'),
('U0000118',	'Ocang118',	'Cimen119'),
('U0000119',	'Ocang119',	'Cimen120'),
('U0000120',	'Ocang120',	'Cimen121'),
('U0000121',	'Ocang121',	'Cimen122'),
('U0000122',	'Ocang122',	'Cimen123'),
('U0000123',	'Ocang123',	'Cimen124'),
('U0000124',	'Ocang124',	'Cimen125'),
('U0000125',	'Ocang125',	'Cimen126'),
('U0000126',	'Ocang126',	'Cimen127'),
('U0000127',	'Ocang127',	'Cimen128'),
('U0000128',	'Ocang128',	'Cimen129'),
('U0000129',	'Ocang129',	'Cimen130'),
('U0000130',	'Ocang130',	'Cimen131'),
('U0000131',	'Ocang131',	'Cimen132'),
('U0000132',	'Ocang132',	'Cimen133'),
('U0000133',	'Ocang133',	'Cimen134'),
('U0000134',	'Ocang134',	'Cimen135'),
('U0000135',	'Ocang135',	'Cimen136'),
('U0000136',	'Ocang136',	'Cimen137'),
('U0000137',	'Ocang137',	'Cimen138'),
('U0000138',	'Ocang138',	'Cimen139'),
('U0000139',	'Ocang139',	'Cimen140'),
('U0000140',	'Ocang140',	'Cimen141'),
('U0000141',	'Ocang141',	'Cimen142'),
('U0000142',	'Ocang142',	'Cimen143'),
('U0000143',	'Ocang143',	'Cimen144'),
('U0000144',	'Ocang144',	'Cimen145'),
('U0000145',	'Ocang145',	'Cimen146'),
('U0000146',	'Ocang146',	'Cimen147'),
('U0000147',	'Ocang147',	'Cimen148'),
('U0000148',	'Ocang148',	'Cimen149'),
('U0000149',	'Ocang149',	'Cimen150'),
('U0000150',	'Ocang150',	'Cimen151'),
('U0000151',	'Ocang151',	'Cimen152'),
('U0000152',	'Ocang152',	'Cimen153'),
('U0000153',	'Ocang153',	'Cimen154'),
('U0000154',	'Ocang154',	'Cimen155'),
('U0000155',	'Ocang155',	'Cimen156'),
('U0000156',	'Ocang156',	'Cimen157'),
('U0000157',	'Ocang157',	'Cimen158'),
('U0000158',	'Ocang158',	'Cimen159'),
('U0000159',	'Ocang159',	'Cimen160'),
('U0000160',	'Ocang160',	'Cimen161'),
('U0000161',	'Ocang161',	'Cimen162'),
('U0000162',	'Ocang162',	'Cimen163'),
('U0000163',	'Ocang163',	'Cimen164'),
('U0000164',	'Ocang164',	'Cimen165'),
('U0000165',	'Ocang165',	'Cimen166'),
('U0000166',	'Ocang166',	'Cimen167'),
('U0000167',	'Ocang167',	'Cimen168'),
('U0000168',	'Ocang168',	'Cimen169'),
('U0000169',	'Ocang169',	'Cimen170'),
('U0000170',	'Ocang170',	'Cimen171'),
('U0000171',	'Ocang171',	'Cimen172'),
('U0000172',	'Ocang172',	'Cimen173'),
('U0000173',	'Ocang173',	'Cimen174'),
('U0000174',	'Ocang174',	'Cimen175'),
('U0000175',	'Ocang175',	'Cimen176'),
('U0000176',	'Ocang176',	'Cimen177'),
('U0000177',	'Ocang177',	'Cimen178'),
('U0000178',	'Ocang178',	'Cimen179'),
('U0000179',	'Ocang179',	'Cimen180'),
('U0000180',	'Ocang180',	'Cimen181'),
('U0000181',	'Ocang181',	'Cimen182'),
('U0000182',	'Ocang182',	'Cimen183'),
('U0000183',	'Ocang183',	'Cimen184'),
('U0000184',	'Ocang184',	'Cimen185'),
('U0000185',	'Ocang185',	'Cimen186'),
('U0000186',	'Ocang186',	'Cimen187'),
('U0000187',	'Ocang187',	'Cimen188'),
('U0000188',	'Ocang188',	'Cimen189'),
('U0000189',	'Ocang189',	'Cimen190'),
('U0000190',	'Ocang190',	'Cimen191'),
('U0000191',	'Ocang191',	'Cimen192'),
('U0000192',	'Ocang192',	'Cimen193'),
('U0000193',	'Ocang193',	'Cimen194'),
('U0000194',	'Ocang194',	'Cimen195'),
('U0000195',	'Ocang195',	'Cimen196'),
('U0000196',	'Ocang196',	'Cimen197'),
('U0000197',	'Ocang197',	'Cimen198'),
('U0000198',	'Ocang198',	'Cimen199'),
('U0000199',	'Ocang199',	'Cimen200'),
('U0000200',	'Ocang200',	'Cimen201'),
('U0000201',	'Ocang201',	'Cimen202'),
('U0000202',	'Ocang202',	'Cimen203'),
('U0000203',	'Ocang203',	'Cimen204'),
('U0000204',	'Ocang204',	'Cimen205'),
('U0000205',	'Ocang205',	'Cimen206'),
('U0000206',	'Ocang206',	'Cimen207'),
('U0000207',	'Ocang207',	'Cimen208'),
('U0000208',	'Ocang208',	'Cimen209'),
('U0000209',	'Ocang209',	'Cimen210'),
('U0000210',	'Ocang210',	'Cimen211'),
('U0000211',	'Ocang211',	'Cimen212'),
('U0000212',	'Ocang212',	'Cimen213'),
('U0000213',	'Ocang213',	'Cimen214'),
('U0000214',	'Ocang214',	'Cimen215'),
('U0000215',	'Ocang215',	'Cimen216'),
('U0000216',	'Ocang216',	'Cimen217'),
('U0000217',	'Ocang217',	'Cimen218'),
('U0000218',	'Ocang218',	'Cimen219'),
('U0000219',	'Ocang219',	'Cimen220'),
('U0000220',	'Ocang220',	'Cimen221'),
('U0000221',	'Ocang221',	'Cimen222'),
('U0000222',	'Ocang222',	'Cimen223'),
('U0000223',	'Ocang223',	'Cimen224'),
('U0000224',	'Ocang224',	'Cimen225'),
('U0000225',	'Ocang225',	'Cimen226'),
('U0000226',	'Ocang226',	'Cimen227'),
('U0000227',	'Ocang227',	'Cimen228'),
('U0000228',	'Ocang228',	'Cimen229'),
('U0000229',	'Ocang229',	'Cimen230'),
('U0000230',	'Ocang230',	'Cimen231'),
('U0000231',	'Ocang231',	'Cimen232'),
('U0000232',	'Ocang232',	'Cimen233'),
('U0000233',	'Ocang233',	'Cimen234'),
('U0000234',	'Ocang234',	'Cimen235'),
('U0000235',	'Ocang235',	'Cimen236'),
('U0000236',	'Ocang236',	'Cimen237'),
('U0000237',	'Ocang237',	'Cimen238'),
('U0000238',	'Ocang238',	'Cimen239'),
('U0000239',	'Ocang239',	'Cimen240'),
('U0000240',	'Ocang240',	'Cimen241'),
('U0000241',	'Ocang241',	'Cimen242'),
('U0000242',	'Ocang242',	'Cimen243'),
('U0000243',	'Ocang243',	'Cimen244'),
('U0000244',	'Ocang244',	'Cimen245'),
('U0000245',	'Ocang245',	'Cimen246'),
('U0000246',	'Ocang246',	'Cimen247'),
('U0000247',	'Ocang247',	'Cimen248'),
('U0000248',	'Ocang248',	'Cimen249'),
('U0000249',	'Ocang249',	'Cimen250'),
('U0000250',	'Ocang250',	'Cimen251'),
('U0000251',	'Ocang251',	'Cimen252'),
('U0000252',	'Ocang252',	'Cimen253'),
('U0000253',	'Ocang253',	'Cimen254'),
('U0000254',	'Ocang254',	'Cimen255'),
('U0000255',	'Ocang255',	'Cimen256'),
('U0000256',	'Ocang256',	'Cimen257'),
('U0000257',	'Ocang257',	'Cimen258'),
('U0000258',	'Ocang258',	'Cimen259'),
('U0000259',	'Ocang259',	'Cimen260'),
('U0000260',	'Ocang260',	'Cimen261'),
('U0000261',	'Ocang261',	'Cimen262'),
('U0000262',	'Ocang262',	'Cimen263'),
('U0000263',	'Ocang263',	'Cimen264'),
('U0000264',	'Ocang264',	'Cimen265'),
('U0000265',	'Ocang265',	'Cimen266'),
('U0000266',	'Ocang266',	'Cimen267'),
('U0000267',	'Ocang267',	'Cimen268'),
('U0000268',	'Ocang268',	'Cimen269'),
('U0000269',	'Ocang269',	'Cimen270'),
('U0000270',	'Ocang270',	'Cimen271'),
('U0000271',	'Ocang271',	'Cimen272'),
('U0000272',	'Ocang272',	'Cimen273'),
('U0000273',	'Ocang273',	'Cimen274'),
('U0000274',	'Ocang274',	'Cimen275'),
('U0000275',	'Ocang275',	'Cimen276'),
('U0000276',	'Ocang276',	'Cimen277'),
('U0000277',	'Ocang277',	'Cimen278'),
('U0000278',	'Ocang278',	'Cimen279'),
('U0000279',	'Ocang279',	'Cimen280'),
('U0000280',	'Ocang280',	'Cimen281'),
('U0000281',	'Ocang281',	'Cimen282'),
('U0000282',	'Ocang282',	'Cimen283'),
('U0000283',	'Ocang283',	'Cimen284'),
('U0000284',	'Ocang284',	'Cimen285'),
('U0000285',	'Ocang285',	'Cimen286'),
('U0000286',	'Ocang286',	'Cimen287'),
('U0000287',	'Ocang287',	'Cimen288'),
('U0000288',	'Ocang288',	'Cimen289'),
('U0000289',	'Ocang289',	'Cimen290'),
('U0000290',	'Ocang290',	'Cimen291'),
('U0000291',	'Ocang291',	'Cimen292'),
('U0000292',	'Ocang292',	'Cimen293'),
('U0000293',	'Ocang293',	'Cimen294'),
('U0000294',	'Ocang294',	'Cimen295'),
('U0000295',	'Ocang295',	'Cimen296'),
('U0000296',	'Ocang296',	'Cimen297'),
('U0000297',	'Ocang297',	'Cimen298'),
('U0000298',	'Ocang298',	'Cimen299'),
('U0000299',	'Ocang299',	'Cimen300'),
('U0000300',	'Ocang300',	'Cimen301'),
('U0000301',	'Ocang301',	'Cimen302'),
('U0000302',	'Ocang302',	'Cimen303'),
('U0000303',	'Ocang303',	'Cimen304'),
('U0000304',	'Ocang304',	'Cimen305'),
('U0000305',	'Ocang305',	'Cimen306'),
('U0000306',	'Ocang306',	'Cimen307'),
('U0000307',	'Ocang307',	'Cimen308'),
('U0000308',	'Ocang308',	'Cimen309'),
('U0000309',	'Ocang309',	'Cimen310'),
('U0000310',	'Ocang310',	'Cimen311'),
('U0000311',	'Ocang311',	'Cimen312'),
('U0000312',	'Ocang312',	'Cimen313'),
('U0000313',	'Ocang313',	'Cimen314'),
('U0000314',	'Ocang314',	'Cimen315'),
('U0000315',	'Ocang315',	'Cimen316'),
('U0000316',	'Ocang316',	'Cimen317'),
('U0000317',	'Ocang317',	'Cimen318'),
('U0000318',	'Ocang318',	'Cimen319'),
('U0000319',	'Ocang319',	'Cimen320'),
('U0000320',	'Ocang320',	'Cimen321'),
('U0000321',	'Ocang321',	'Cimen322'),
('U0000322',	'Ocang322',	'Cimen323'),
('U0000323',	'Ocang323',	'Cimen324'),
('U0000324',	'Ocang324',	'Cimen325'),
('U0000325',	'Ocang325',	'Cimen326'),
('U0000326',	'Ocang326',	'Cimen327'),
('U0000327',	'Ocang327',	'Cimen328'),
('U0000328',	'Ocang328',	'Cimen329'),
('U0000329',	'Ocang329',	'Cimen330'),
('U0000330',	'Ocang330',	'Cimen331'),
('U0000331',	'Ocang331',	'Cimen332'),
('U0000332',	'Ocang332',	'Cimen333'),
('U0000333',	'Ocang333',	'Cimen334'),
('U0000334',	'Ocang334',	'Cimen335'),
('U0000335',	'Ocang335',	'Cimen336'),
('U0000336',	'Ocang336',	'Cimen337'),
('U0000337',	'Ocang337',	'Cimen338'),
('U0000338',	'Ocang338',	'Cimen339'),
('U0000339',	'Ocang339',	'Cimen340'),
('U0000340',	'Ocang340',	'Cimen341'),
('U0000341',	'Ocang341',	'Cimen342'),
('U0000342',	'Ocang342',	'Cimen343'),
('U0000343',	'Ocang343',	'Cimen344'),
('U0000344',	'Ocang344',	'Cimen345'),
('U0000345',	'Ocang345',	'Cimen346'),
('U0000346',	'Ocang346',	'Cimen347'),
('U0000347',	'Ocang347',	'Cimen348'),
('U0000348',	'Ocang348',	'Cimen349'),
('U0000349',	'Ocang349',	'Cimen350'),
('U0000350',	'Ocang350',	'Cimen351'),
('U0000351',	'Ocang351',	'Cimen352'),
('U0000352',	'Ocang352',	'Cimen353'),
('U0000353',	'Ocang353',	'Cimen354'),
('U0000354',	'Ocang354',	'Cimen355'),
('U0000355',	'Ocang355',	'Cimen356'),
('U0000356',	'Ocang356',	'Cimen357'),
('U0000357',	'Ocang357',	'Cimen358'),
('U0000358',	'Ocang358',	'Cimen359'),
('U0000359',	'Ocang359',	'Cimen360'),
('U0000360',	'Ocang360',	'Cimen361'),
('U0000361',	'Ocang361',	'Cimen362'),
('U0000362',	'Ocang362',	'Cimen363'),
('U0000363',	'Ocang363',	'Cimen364'),
('U0000364',	'Ocang364',	'Cimen365'),
('U0000365',	'Ocang365',	'Cimen366'),
('U0000366',	'Ocang366',	'Cimen367'),
('U0000367',	'Ocang367',	'Cimen368'),
('U0000368',	'Ocang368',	'Cimen369'),
('U0000369',	'Ocang369',	'Cimen370'),
('U0000370',	'Ocang370',	'Cimen371'),
('U0000371',	'Ocang371',	'Cimen372'),
('U0000372',	'Ocang372',	'Cimen373'),
('U0000373',	'Ocang373',	'Cimen374'),
('U0000374',	'Ocang374',	'Cimen375'),
('U0000375',	'Ocang375',	'Cimen376'),
('U0000376',	'Ocang376',	'Cimen377'),
('U0000377',	'Ocang377',	'Cimen378'),
('U0000378',	'Ocang378',	'Cimen379'),
('U0000379',	'Ocang379',	'Cimen380'),
('U0000380',	'Ocang380',	'Cimen381'),
('U0000381',	'Ocang381',	'Cimen382'),
('U0000382',	'Ocang382',	'Cimen383'),
('U0000383',	'Ocang383',	'Cimen384'),
('U0000384',	'Ocang384',	'Cimen385'),
('U0000385',	'Ocang385',	'Cimen386'),
('U0000386',	'Ocang386',	'Cimen387'),
('U0000387',	'Ocang387',	'Cimen388'),
('U0000388',	'Ocang388',	'Cimen389'),
('U0000389',	'Ocang389',	'Cimen390'),
('U0000390',	'Ocang390',	'Cimen391'),
('U0000391',	'Ocang391',	'Cimen392'),
('U0000392',	'Ocang392',	'Cimen393'),
('U0000393',	'Ocang393',	'Cimen394'),
('U0000394',	'Ocang394',	'Cimen395'),
('U0000395',	'Ocang395',	'Cimen396'),
('U0000396',	'Ocang396',	'Cimen397'),
('U0000397',	'Ocang397',	'Cimen398'),
('U0000398',	'Ocang398',	'Cimen399'),
('U0000399',	'Ocang399',	'Cimen400'),
('U0000400',	'Ocang400',	'Cimen401'),
('U0000401',	'Ocang401',	'Cimen402'),
('U0000402',	'Ocang402',	'Cimen403'),
('U0000403',	'Ocang403',	'Cimen404'),
('U0000404',	'Ocang404',	'Cimen405'),
('U0000405',	'Ocang405',	'Cimen406'),
('U0000406',	'Ocang406',	'Cimen407'),
('U0000407',	'Ocang407',	'Cimen408'),
('U0000408',	'Ocang408',	'Cimen409'),
('U0000409',	'Ocang409',	'Cimen410'),
('U0000410',	'Ocang410',	'Cimen411'),
('U0000411',	'Ocang411',	'Cimen412'),
('U0000412',	'Ocang412',	'Cimen413'),
('U0000413',	'Ocang413',	'Cimen414'),
('U0000414',	'Ocang414',	'Cimen415'),
('U0000415',	'Ocang415',	'Cimen416'),
('U0000416',	'Ocang416',	'Cimen417'),
('U0000417',	'Ocang417',	'Cimen418'),
('U0000418',	'Ocang418',	'Cimen419'),
('U0000419',	'Ocang419',	'Cimen420'),
('U0000420',	'Ocang420',	'Cimen421'),
('U0000421',	'Ocang421',	'Cimen422'),
('U0000422',	'Ocang422',	'Cimen423'),
('U0000423',	'Ocang423',	'Cimen424'),
('U0000424',	'Ocang424',	'Cimen425'),
('U0000425',	'Ocang425',	'Cimen426'),
('U0000426',	'Ocang426',	'Cimen427'),
('U0000427',	'Ocang427',	'Cimen428'),
('U0000428',	'Ocang428',	'Cimen429'),
('U0000429',	'Ocang429',	'Cimen430'),
('U0000430',	'Ocang430',	'Cimen431'),
('U0000431',	'Ocang431',	'Cimen432'),
('U0000432',	'Ocang432',	'Cimen433'),
('U0000433',	'Ocang433',	'Cimen434'),
('U0000434',	'Ocang434',	'Cimen435'),
('U0000435',	'Ocang435',	'Cimen436'),
('U0000436',	'Ocang436',	'Cimen437'),
('U0000437',	'Ocang437',	'Cimen438'),
('U0000438',	'Ocang438',	'Cimen439'),
('U0000439',	'Ocang439',	'Cimen440'),
('U0000440',	'Ocang440',	'Cimen441'),
('U0000441',	'Ocang441',	'Cimen442'),
('U0000442',	'Ocang442',	'Cimen443'),
('U0000443',	'Ocang443',	'Cimen444'),
('U0000444',	'Ocang444',	'Cimen445'),
('U0000445',	'Ocang445',	'Cimen446'),
('U0000446',	'Ocang446',	'Cimen447'),
('U0000447',	'Ocang447',	'Cimen448'),
('U0000448',	'Ocang448',	'Cimen449'),
('U0000449',	'Ocang449',	'Cimen450'),
('U0000450',	'Ocang450',	'Cimen451'),
('U0000451',	'Ocang451',	'Cimen452'),
('U0000452',	'Ocang452',	'Cimen453'),
('U0000453',	'Ocang453',	'Cimen454'),
('U0000454',	'Ocang454',	'Cimen455'),
('U0000455',	'Ocang455',	'Cimen456'),
('U0000456',	'Ocang456',	'Cimen457'),
('U0000457',	'Ocang457',	'Cimen458'),
('U0000458',	'Ocang458',	'Cimen459'),
('U0000459',	'Ocang459',	'Cimen460'),
('U0000460',	'Ocang460',	'Cimen461'),
('U0000461',	'Ocang461',	'Cimen462'),
('U0000462',	'Ocang462',	'Cimen463'),
('U0000463',	'Ocang463',	'Cimen464'),
('U0000464',	'Ocang464',	'Cimen465'),
('U0000465',	'Ocang465',	'Cimen466'),
('U0000466',	'Ocang466',	'Cimen467'),
('U0000467',	'Ocang467',	'Cimen468'),
('U0000468',	'Ocang468',	'Cimen469'),
('U0000469',	'Ocang469',	'Cimen470'),
('U0000470',	'Ocang470',	'Cimen471'),
('U0000471',	'Ocang471',	'Cimen472'),
('U0000472',	'Ocang472',	'Cimen473'),
('U0000473',	'Ocang473',	'Cimen474'),
('U0000474',	'Ocang474',	'Cimen475'),
('U0000475',	'Ocang475',	'Cimen476'),
('U0000476',	'Ocang476',	'Cimen477'),
('U0000477',	'Ocang477',	'Cimen478'),
('U0000478',	'Ocang478',	'Cimen479'),
('U0000479',	'Ocang479',	'Cimen480'),
('U0000480',	'Ocang480',	'Cimen481'),
('U0000481',	'Ocang481',	'Cimen482'),
('U0000482',	'Ocang482',	'Cimen483'),
('U0000483',	'Ocang483',	'Cimen484'),
('U0000484',	'Ocang484',	'Cimen485'),
('U0000485',	'Ocang485',	'Cimen486'),
('U0000486',	'Ocang486',	'Cimen487'),
('U0000487',	'Ocang487',	'Cimen488'),
('U0000488',	'Ocang488',	'Cimen489'),
('U0000489',	'Ocang489',	'Cimen490'),
('U0000490',	'Ocang490',	'Cimen491'),
('U0000491',	'Ocang491',	'Cimen492'),
('U0000492',	'Ocang492',	'Cimen493'),
('U0000493',	'Ocang493',	'Cimen494'),
('U0000494',	'Ocang494',	'Cimen495'),
('U0000495',	'Ocang495',	'Cimen496'),
('U0000496',	'Ocang496',	'Cimen497'),
('U0000497',	'Ocang497',	'Cimen498'),
('U0000498',	'Ocang498',	'Cimen499'),
('U0000499',	'Ocang499',	'Cimen500'),
('U0000500',	'Ocang500',	'Cimen501'),
('V0000001',	'Ocang1',	'Cimen2'),
('V0000002',	'Ocang2',	'Cimen3'),
('V0000003',	'Ocang3',	'Cimen4'),
('V0000004',	'Ocang4',	'Cimen5'),
('V0000005',	'Ocang5',	'Cimen6'),
('V0000006',	'Ocang6',	'Cimen7'),
('V0000007',	'Ocang7',	'Cimen8'),
('V0000008',	'Ocang8',	'Cimen9'),
('V0000009',	'Ocang9',	'Cimen10'),
('V0000010',	'Ocang10',	'Cimen11'),
('V0000011',	'Ocang11',	'Cimen12'),
('V0000012',	'Ocang12',	'Cimen13'),
('V0000013',	'Ocang13',	'Cimen14'),
('V0000014',	'Ocang14',	'Cimen15'),
('V0000015',	'Ocang15',	'Cimen16'),
('V0000016',	'Ocang16',	'Cimen17'),
('V0000017',	'Ocang17',	'Cimen18'),
('V0000018',	'Ocang18',	'Cimen19'),
('V0000019',	'Ocang19',	'Cimen20'),
('V0000020',	'Ocang20',	'Cimen21'),
('V0000021',	'Ocang21',	'Cimen22'),
('V0000022',	'Ocang22',	'Cimen23'),
('V0000023',	'Ocang23',	'Cimen24'),
('V0000024',	'Ocang24',	'Cimen25'),
('V0000025',	'Ocang25',	'Cimen26'),
('V0000026',	'Ocang26',	'Cimen27'),
('V0000027',	'Ocang27',	'Cimen28'),
('V0000028',	'Ocang28',	'Cimen29'),
('V0000029',	'Ocang29',	'Cimen30'),
('V0000030',	'Ocang30',	'Cimen31'),
('V0000031',	'Ocang31',	'Cimen32'),
('V0000032',	'Ocang32',	'Cimen33'),
('V0000033',	'Ocang33',	'Cimen34'),
('V0000034',	'Ocang34',	'Cimen35'),
('V0000035',	'Ocang35',	'Cimen36'),
('V0000036',	'Ocang36',	'Cimen37'),
('V0000037',	'Ocang37',	'Cimen38'),
('V0000038',	'Ocang38',	'Cimen39'),
('V0000039',	'Ocang39',	'Cimen40'),
('V0000040',	'Ocang40',	'Cimen41'),
('V0000041',	'Ocang41',	'Cimen42'),
('V0000042',	'Ocang42',	'Cimen43'),
('V0000043',	'Ocang43',	'Cimen44'),
('V0000044',	'Ocang44',	'Cimen45'),
('V0000045',	'Ocang45',	'Cimen46'),
('V0000046',	'Ocang46',	'Cimen47'),
('V0000047',	'Ocang47',	'Cimen48'),
('V0000048',	'Ocang48',	'Cimen49'),
('V0000049',	'Ocang49',	'Cimen50'),
('V0000050',	'Ocang50',	'Cimen51'),
('V0000051',	'Ocang51',	'Cimen52'),
('V0000052',	'Ocang52',	'Cimen53'),
('V0000053',	'Ocang53',	'Cimen54'),
('V0000054',	'Ocang54',	'Cimen55'),
('V0000055',	'Ocang55',	'Cimen56'),
('V0000056',	'Ocang56',	'Cimen57'),
('V0000057',	'Ocang57',	'Cimen58'),
('V0000058',	'Ocang58',	'Cimen59'),
('V0000059',	'Ocang59',	'Cimen60'),
('V0000060',	'Ocang60',	'Cimen61'),
('V0000061',	'Ocang61',	'Cimen62'),
('V0000062',	'Ocang62',	'Cimen63'),
('V0000063',	'Ocang63',	'Cimen64'),
('V0000064',	'Ocang64',	'Cimen65'),
('V0000065',	'Ocang65',	'Cimen66'),
('V0000066',	'Ocang66',	'Cimen67'),
('V0000067',	'Ocang67',	'Cimen68'),
('V0000068',	'Ocang68',	'Cimen69'),
('V0000069',	'Ocang69',	'Cimen70'),
('V0000070',	'Ocang70',	'Cimen71'),
('V0000071',	'Ocang71',	'Cimen72'),
('V0000072',	'Ocang72',	'Cimen73'),
('V0000073',	'Ocang73',	'Cimen74'),
('V0000074',	'Ocang74',	'Cimen75'),
('V0000075',	'Ocang75',	'Cimen76'),
('V0000076',	'Ocang76',	'Cimen77'),
('V0000077',	'Ocang77',	'Cimen78'),
('V0000078',	'Ocang78',	'Cimen79'),
('V0000079',	'Ocang79',	'Cimen80'),
('V0000080',	'Ocang80',	'Cimen81'),
('V0000081',	'Ocang81',	'Cimen82'),
('V0000082',	'Ocang82',	'Cimen83'),
('V0000083',	'Ocang83',	'Cimen84'),
('V0000084',	'Ocang84',	'Cimen85'),
('V0000085',	'Ocang85',	'Cimen86'),
('V0000086',	'Ocang86',	'Cimen87'),
('V0000087',	'Ocang87',	'Cimen88'),
('V0000088',	'Ocang88',	'Cimen89'),
('V0000089',	'Ocang89',	'Cimen90'),
('V0000090',	'Ocang90',	'Cimen91'),
('V0000091',	'Ocang91',	'Cimen92'),
('V0000092',	'Ocang92',	'Cimen93'),
('V0000093',	'Ocang93',	'Cimen94'),
('V0000094',	'Ocang94',	'Cimen95'),
('V0000095',	'Ocang95',	'Cimen96'),
('V0000096',	'Ocang96',	'Cimen97'),
('V0000097',	'Ocang97',	'Cimen98'),
('V0000098',	'Ocang98',	'Cimen99'),
('V0000099',	'Ocang99',	'Cimen100'),
('V0000100',	'Ocang100',	'Cimen101'),
('V0000101',	'Ocang101',	'Cimen102'),
('V0000102',	'Ocang102',	'Cimen103'),
('V0000103',	'Ocang103',	'Cimen104'),
('V0000104',	'Ocang104',	'Cimen105'),
('V0000105',	'Ocang105',	'Cimen106'),
('V0000106',	'Ocang106',	'Cimen107'),
('V0000107',	'Ocang107',	'Cimen108'),
('V0000108',	'Ocang108',	'Cimen109'),
('V0000109',	'Ocang109',	'Cimen110'),
('V0000110',	'Ocang110',	'Cimen111'),
('V0000111',	'Ocang111',	'Cimen112'),
('V0000112',	'Ocang112',	'Cimen113'),
('V0000113',	'Ocang113',	'Cimen114'),
('V0000114',	'Ocang114',	'Cimen115'),
('V0000115',	'Ocang115',	'Cimen116'),
('V0000116',	'Ocang116',	'Cimen117'),
('V0000117',	'Ocang117',	'Cimen118'),
('V0000118',	'Ocang118',	'Cimen119'),
('V0000119',	'Ocang119',	'Cimen120'),
('V0000120',	'Ocang120',	'Cimen121'),
('V0000121',	'Ocang121',	'Cimen122'),
('V0000122',	'Ocang122',	'Cimen123'),
('V0000123',	'Ocang123',	'Cimen124'),
('V0000124',	'Ocang124',	'Cimen125'),
('V0000125',	'Ocang125',	'Cimen126'),
('V0000126',	'Ocang126',	'Cimen127'),
('V0000127',	'Ocang127',	'Cimen128'),
('V0000128',	'Ocang128',	'Cimen129'),
('V0000129',	'Ocang129',	'Cimen130'),
('V0000130',	'Ocang130',	'Cimen131'),
('V0000131',	'Ocang131',	'Cimen132'),
('V0000132',	'Ocang132',	'Cimen133'),
('V0000133',	'Ocang133',	'Cimen134'),
('V0000134',	'Ocang134',	'Cimen135'),
('V0000135',	'Ocang135',	'Cimen136'),
('V0000136',	'Ocang136',	'Cimen137'),
('V0000137',	'Ocang137',	'Cimen138'),
('V0000138',	'Ocang138',	'Cimen139'),
('V0000139',	'Ocang139',	'Cimen140'),
('V0000140',	'Ocang140',	'Cimen141'),
('V0000141',	'Ocang141',	'Cimen142'),
('V0000142',	'Ocang142',	'Cimen143'),
('V0000143',	'Ocang143',	'Cimen144'),
('V0000144',	'Ocang144',	'Cimen145'),
('V0000145',	'Ocang145',	'Cimen146'),
('V0000146',	'Ocang146',	'Cimen147'),
('V0000147',	'Ocang147',	'Cimen148'),
('V0000148',	'Ocang148',	'Cimen149'),
('V0000149',	'Ocang149',	'Cimen150'),
('V0000150',	'Ocang150',	'Cimen151'),
('V0000151',	'Ocang151',	'Cimen152'),
('V0000152',	'Ocang152',	'Cimen153'),
('V0000153',	'Ocang153',	'Cimen154'),
('V0000154',	'Ocang154',	'Cimen155'),
('V0000155',	'Ocang155',	'Cimen156'),
('V0000156',	'Ocang156',	'Cimen157'),
('V0000157',	'Ocang157',	'Cimen158'),
('V0000158',	'Ocang158',	'Cimen159'),
('V0000159',	'Ocang159',	'Cimen160'),
('V0000160',	'Ocang160',	'Cimen161'),
('V0000161',	'Ocang161',	'Cimen162'),
('V0000162',	'Ocang162',	'Cimen163'),
('V0000163',	'Ocang163',	'Cimen164'),
('V0000164',	'Ocang164',	'Cimen165'),
('V0000165',	'Ocang165',	'Cimen166'),
('V0000166',	'Ocang166',	'Cimen167'),
('V0000167',	'Ocang167',	'Cimen168'),
('V0000168',	'Ocang168',	'Cimen169'),
('V0000169',	'Ocang169',	'Cimen170'),
('V0000170',	'Ocang170',	'Cimen171'),
('V0000171',	'Ocang171',	'Cimen172'),
('V0000172',	'Ocang172',	'Cimen173'),
('V0000173',	'Ocang173',	'Cimen174'),
('V0000174',	'Ocang174',	'Cimen175'),
('V0000175',	'Ocang175',	'Cimen176'),
('V0000176',	'Ocang176',	'Cimen177'),
('V0000177',	'Ocang177',	'Cimen178'),
('V0000178',	'Ocang178',	'Cimen179'),
('V0000179',	'Ocang179',	'Cimen180'),
('V0000180',	'Ocang180',	'Cimen181'),
('V0000181',	'Ocang181',	'Cimen182'),
('V0000182',	'Ocang182',	'Cimen183'),
('V0000183',	'Ocang183',	'Cimen184'),
('V0000184',	'Ocang184',	'Cimen185'),
('V0000185',	'Ocang185',	'Cimen186'),
('V0000186',	'Ocang186',	'Cimen187'),
('V0000187',	'Ocang187',	'Cimen188'),
('V0000188',	'Ocang188',	'Cimen189'),
('V0000189',	'Ocang189',	'Cimen190'),
('V0000190',	'Ocang190',	'Cimen191'),
('V0000191',	'Ocang191',	'Cimen192'),
('V0000192',	'Ocang192',	'Cimen193'),
('V0000193',	'Ocang193',	'Cimen194'),
('V0000194',	'Ocang194',	'Cimen195'),
('V0000195',	'Ocang195',	'Cimen196'),
('V0000196',	'Ocang196',	'Cimen197'),
('V0000197',	'Ocang197',	'Cimen198'),
('V0000198',	'Ocang198',	'Cimen199'),
('V0000199',	'Ocang199',	'Cimen200'),
('V0000200',	'Ocang200',	'Cimen201'),
('V0000201',	'Ocang201',	'Cimen202'),
('V0000202',	'Ocang202',	'Cimen203'),
('V0000203',	'Ocang203',	'Cimen204'),
('V0000204',	'Ocang204',	'Cimen205'),
('V0000205',	'Ocang205',	'Cimen206'),
('V0000206',	'Ocang206',	'Cimen207'),
('V0000207',	'Ocang207',	'Cimen208'),
('V0000208',	'Ocang208',	'Cimen209'),
('V0000209',	'Ocang209',	'Cimen210'),
('V0000210',	'Ocang210',	'Cimen211'),
('V0000211',	'Ocang211',	'Cimen212'),
('V0000212',	'Ocang212',	'Cimen213'),
('V0000213',	'Ocang213',	'Cimen214'),
('V0000214',	'Ocang214',	'Cimen215'),
('V0000215',	'Ocang215',	'Cimen216'),
('V0000216',	'Ocang216',	'Cimen217'),
('V0000217',	'Ocang217',	'Cimen218'),
('V0000218',	'Ocang218',	'Cimen219'),
('V0000219',	'Ocang219',	'Cimen220'),
('V0000220',	'Ocang220',	'Cimen221'),
('V0000221',	'Ocang221',	'Cimen222'),
('V0000222',	'Ocang222',	'Cimen223'),
('V0000223',	'Ocang223',	'Cimen224'),
('V0000224',	'Ocang224',	'Cimen225'),
('V0000225',	'Ocang225',	'Cimen226'),
('V0000226',	'Ocang226',	'Cimen227'),
('V0000227',	'Ocang227',	'Cimen228'),
('V0000228',	'Ocang228',	'Cimen229'),
('V0000229',	'Ocang229',	'Cimen230'),
('V0000230',	'Ocang230',	'Cimen231'),
('V0000231',	'Ocang231',	'Cimen232'),
('V0000232',	'Ocang232',	'Cimen233'),
('V0000233',	'Ocang233',	'Cimen234'),
('V0000234',	'Ocang234',	'Cimen235'),
('V0000235',	'Ocang235',	'Cimen236'),
('V0000236',	'Ocang236',	'Cimen237'),
('V0000237',	'Ocang237',	'Cimen238'),
('V0000238',	'Ocang238',	'Cimen239'),
('V0000239',	'Ocang239',	'Cimen240'),
('V0000240',	'Ocang240',	'Cimen241'),
('V0000241',	'Ocang241',	'Cimen242'),
('V0000242',	'Ocang242',	'Cimen243'),
('V0000243',	'Ocang243',	'Cimen244'),
('V0000244',	'Ocang244',	'Cimen245'),
('V0000245',	'Ocang245',	'Cimen246'),
('V0000246',	'Ocang246',	'Cimen247'),
('V0000247',	'Ocang247',	'Cimen248'),
('V0000248',	'Ocang248',	'Cimen249'),
('V0000249',	'Ocang249',	'Cimen250'),
('V0000250',	'Ocang250',	'Cimen251'),
('V0000251',	'Ocang251',	'Cimen252'),
('V0000252',	'Ocang252',	'Cimen253'),
('V0000253',	'Ocang253',	'Cimen254'),
('V0000254',	'Ocang254',	'Cimen255'),
('V0000255',	'Ocang255',	'Cimen256'),
('V0000256',	'Ocang256',	'Cimen257'),
('V0000257',	'Ocang257',	'Cimen258'),
('V0000258',	'Ocang258',	'Cimen259'),
('V0000259',	'Ocang259',	'Cimen260'),
('V0000260',	'Ocang260',	'Cimen261'),
('V0000261',	'Ocang261',	'Cimen262'),
('V0000262',	'Ocang262',	'Cimen263'),
('V0000263',	'Ocang263',	'Cimen264'),
('V0000264',	'Ocang264',	'Cimen265'),
('V0000265',	'Ocang265',	'Cimen266'),
('V0000266',	'Ocang266',	'Cimen267'),
('V0000267',	'Ocang267',	'Cimen268'),
('V0000268',	'Ocang268',	'Cimen269'),
('V0000269',	'Ocang269',	'Cimen270'),
('V0000270',	'Ocang270',	'Cimen271'),
('V0000271',	'Ocang271',	'Cimen272'),
('V0000272',	'Ocang272',	'Cimen273'),
('V0000273',	'Ocang273',	'Cimen274'),
('V0000274',	'Ocang274',	'Cimen275'),
('V0000275',	'Ocang275',	'Cimen276'),
('V0000276',	'Ocang276',	'Cimen277'),
('V0000277',	'Ocang277',	'Cimen278'),
('V0000278',	'Ocang278',	'Cimen279'),
('V0000279',	'Ocang279',	'Cimen280'),
('V0000280',	'Ocang280',	'Cimen281'),
('V0000281',	'Ocang281',	'Cimen282'),
('V0000282',	'Ocang282',	'Cimen283'),
('V0000283',	'Ocang283',	'Cimen284'),
('V0000284',	'Ocang284',	'Cimen285'),
('V0000285',	'Ocang285',	'Cimen286'),
('V0000286',	'Ocang286',	'Cimen287'),
('V0000287',	'Ocang287',	'Cimen288'),
('V0000288',	'Ocang288',	'Cimen289'),
('V0000289',	'Ocang289',	'Cimen290'),
('V0000290',	'Ocang290',	'Cimen291'),
('V0000291',	'Ocang291',	'Cimen292'),
('V0000292',	'Ocang292',	'Cimen293'),
('V0000293',	'Ocang293',	'Cimen294'),
('V0000294',	'Ocang294',	'Cimen295'),
('V0000295',	'Ocang295',	'Cimen296'),
('V0000296',	'Ocang296',	'Cimen297'),
('V0000297',	'Ocang297',	'Cimen298'),
('V0000298',	'Ocang298',	'Cimen299'),
('V0000299',	'Ocang299',	'Cimen300'),
('V0000300',	'Ocang300',	'Cimen301'),
('V0000301',	'Ocang301',	'Cimen302'),
('V0000302',	'Ocang302',	'Cimen303'),
('V0000303',	'Ocang303',	'Cimen304'),
('V0000304',	'Ocang304',	'Cimen305'),
('V0000305',	'Ocang305',	'Cimen306'),
('V0000306',	'Ocang306',	'Cimen307'),
('V0000307',	'Ocang307',	'Cimen308'),
('V0000308',	'Ocang308',	'Cimen309'),
('V0000309',	'Ocang309',	'Cimen310'),
('V0000310',	'Ocang310',	'Cimen311'),
('V0000311',	'Ocang311',	'Cimen312'),
('V0000312',	'Ocang312',	'Cimen313'),
('V0000313',	'Ocang313',	'Cimen314'),
('V0000314',	'Ocang314',	'Cimen315'),
('V0000315',	'Ocang315',	'Cimen316'),
('V0000316',	'Ocang316',	'Cimen317'),
('V0000317',	'Ocang317',	'Cimen318'),
('V0000318',	'Ocang318',	'Cimen319'),
('V0000319',	'Ocang319',	'Cimen320'),
('V0000320',	'Ocang320',	'Cimen321'),
('V0000321',	'Ocang321',	'Cimen322'),
('V0000322',	'Ocang322',	'Cimen323'),
('V0000323',	'Ocang323',	'Cimen324'),
('V0000324',	'Ocang324',	'Cimen325'),
('V0000325',	'Ocang325',	'Cimen326'),
('V0000326',	'Ocang326',	'Cimen327'),
('V0000327',	'Ocang327',	'Cimen328'),
('V0000328',	'Ocang328',	'Cimen329'),
('V0000329',	'Ocang329',	'Cimen330'),
('V0000330',	'Ocang330',	'Cimen331'),
('V0000331',	'Ocang331',	'Cimen332'),
('V0000332',	'Ocang332',	'Cimen333'),
('V0000333',	'Ocang333',	'Cimen334'),
('V0000334',	'Ocang334',	'Cimen335'),
('V0000335',	'Ocang335',	'Cimen336'),
('V0000336',	'Ocang336',	'Cimen337'),
('V0000337',	'Ocang337',	'Cimen338'),
('V0000338',	'Ocang338',	'Cimen339'),
('V0000339',	'Ocang339',	'Cimen340'),
('V0000340',	'Ocang340',	'Cimen341'),
('V0000341',	'Ocang341',	'Cimen342'),
('V0000342',	'Ocang342',	'Cimen343'),
('V0000343',	'Ocang343',	'Cimen344'),
('V0000344',	'Ocang344',	'Cimen345'),
('V0000345',	'Ocang345',	'Cimen346'),
('V0000346',	'Ocang346',	'Cimen347'),
('V0000347',	'Ocang347',	'Cimen348'),
('V0000348',	'Ocang348',	'Cimen349'),
('V0000349',	'Ocang349',	'Cimen350'),
('V0000350',	'Ocang350',	'Cimen351'),
('V0000351',	'Ocang351',	'Cimen352'),
('V0000352',	'Ocang352',	'Cimen353'),
('V0000353',	'Ocang353',	'Cimen354'),
('V0000354',	'Ocang354',	'Cimen355'),
('V0000355',	'Ocang355',	'Cimen356'),
('V0000356',	'Ocang356',	'Cimen357'),
('V0000357',	'Ocang357',	'Cimen358'),
('V0000358',	'Ocang358',	'Cimen359'),
('V0000359',	'Ocang359',	'Cimen360'),
('V0000360',	'Ocang360',	'Cimen361'),
('V0000361',	'Ocang361',	'Cimen362'),
('V0000362',	'Ocang362',	'Cimen363'),
('V0000363',	'Ocang363',	'Cimen364'),
('V0000364',	'Ocang364',	'Cimen365'),
('V0000365',	'Ocang365',	'Cimen366'),
('V0000366',	'Ocang366',	'Cimen367'),
('V0000367',	'Ocang367',	'Cimen368'),
('V0000368',	'Ocang368',	'Cimen369'),
('V0000369',	'Ocang369',	'Cimen370'),
('V0000370',	'Ocang370',	'Cimen371'),
('V0000371',	'Ocang371',	'Cimen372'),
('V0000372',	'Ocang372',	'Cimen373'),
('V0000373',	'Ocang373',	'Cimen374'),
('V0000374',	'Ocang374',	'Cimen375'),
('V0000375',	'Ocang375',	'Cimen376'),
('V0000376',	'Ocang376',	'Cimen377'),
('V0000377',	'Ocang377',	'Cimen378'),
('V0000378',	'Ocang378',	'Cimen379'),
('V0000379',	'Ocang379',	'Cimen380'),
('V0000380',	'Ocang380',	'Cimen381'),
('V0000381',	'Ocang381',	'Cimen382'),
('V0000382',	'Ocang382',	'Cimen383'),
('V0000383',	'Ocang383',	'Cimen384'),
('V0000384',	'Ocang384',	'Cimen385'),
('V0000385',	'Ocang385',	'Cimen386'),
('V0000386',	'Ocang386',	'Cimen387'),
('V0000387',	'Ocang387',	'Cimen388'),
('V0000388',	'Ocang388',	'Cimen389'),
('V0000389',	'Ocang389',	'Cimen390'),
('V0000390',	'Ocang390',	'Cimen391'),
('V0000391',	'Ocang391',	'Cimen392'),
('V0000392',	'Ocang392',	'Cimen393'),
('V0000393',	'Ocang393',	'Cimen394'),
('V0000394',	'Ocang394',	'Cimen395'),
('V0000395',	'Ocang395',	'Cimen396'),
('V0000396',	'Ocang396',	'Cimen397'),
('V0000397',	'Ocang397',	'Cimen398'),
('V0000398',	'Ocang398',	'Cimen399'),
('V0000399',	'Ocang399',	'Cimen400'),
('V0000400',	'Ocang400',	'Cimen401'),
('V0000401',	'Ocang401',	'Cimen402'),
('V0000402',	'Ocang402',	'Cimen403'),
('V0000403',	'Ocang403',	'Cimen404'),
('V0000404',	'Ocang404',	'Cimen405'),
('V0000405',	'Ocang405',	'Cimen406'),
('V0000406',	'Ocang406',	'Cimen407'),
('V0000407',	'Ocang407',	'Cimen408'),
('V0000408',	'Ocang408',	'Cimen409'),
('V0000409',	'Ocang409',	'Cimen410'),
('V0000410',	'Ocang410',	'Cimen411'),
('V0000411',	'Ocang411',	'Cimen412'),
('V0000412',	'Ocang412',	'Cimen413'),
('V0000413',	'Ocang413',	'Cimen414'),
('V0000414',	'Ocang414',	'Cimen415'),
('V0000415',	'Ocang415',	'Cimen416'),
('V0000416',	'Ocang416',	'Cimen417'),
('V0000417',	'Ocang417',	'Cimen418'),
('V0000418',	'Ocang418',	'Cimen419'),
('V0000419',	'Ocang419',	'Cimen420'),
('V0000420',	'Ocang420',	'Cimen421'),
('V0000421',	'Ocang421',	'Cimen422'),
('V0000422',	'Ocang422',	'Cimen423'),
('V0000423',	'Ocang423',	'Cimen424'),
('V0000424',	'Ocang424',	'Cimen425'),
('V0000425',	'Ocang425',	'Cimen426'),
('V0000426',	'Ocang426',	'Cimen427'),
('V0000427',	'Ocang427',	'Cimen428'),
('V0000428',	'Ocang428',	'Cimen429'),
('V0000429',	'Ocang429',	'Cimen430'),
('V0000430',	'Ocang430',	'Cimen431'),
('V0000431',	'Ocang431',	'Cimen432'),
('V0000432',	'Ocang432',	'Cimen433'),
('V0000433',	'Ocang433',	'Cimen434'),
('V0000434',	'Ocang434',	'Cimen435'),
('V0000435',	'Ocang435',	'Cimen436'),
('V0000436',	'Ocang436',	'Cimen437'),
('V0000437',	'Ocang437',	'Cimen438'),
('V0000438',	'Ocang438',	'Cimen439'),
('V0000439',	'Ocang439',	'Cimen440'),
('V0000440',	'Ocang440',	'Cimen441'),
('V0000441',	'Ocang441',	'Cimen442'),
('V0000442',	'Ocang442',	'Cimen443'),
('V0000443',	'Ocang443',	'Cimen444'),
('V0000444',	'Ocang444',	'Cimen445'),
('V0000445',	'Ocang445',	'Cimen446'),
('V0000446',	'Ocang446',	'Cimen447'),
('V0000447',	'Ocang447',	'Cimen448'),
('V0000448',	'Ocang448',	'Cimen449'),
('V0000449',	'Ocang449',	'Cimen450'),
('V0000450',	'Ocang450',	'Cimen451'),
('V0000451',	'Ocang451',	'Cimen452'),
('V0000452',	'Ocang452',	'Cimen453'),
('V0000453',	'Ocang453',	'Cimen454'),
('V0000454',	'Ocang454',	'Cimen455'),
('V0000455',	'Ocang455',	'Cimen456'),
('V0000456',	'Ocang456',	'Cimen457'),
('V0000457',	'Ocang457',	'Cimen458'),
('V0000458',	'Ocang458',	'Cimen459'),
('V0000459',	'Ocang459',	'Cimen460'),
('V0000460',	'Ocang460',	'Cimen461'),
('V0000461',	'Ocang461',	'Cimen462'),
('V0000462',	'Ocang462',	'Cimen463'),
('V0000463',	'Ocang463',	'Cimen464'),
('V0000464',	'Ocang464',	'Cimen465'),
('V0000465',	'Ocang465',	'Cimen466'),
('V0000466',	'Ocang466',	'Cimen467'),
('V0000467',	'Ocang467',	'Cimen468'),
('V0000468',	'Ocang468',	'Cimen469'),
('V0000469',	'Ocang469',	'Cimen470'),
('V0000470',	'Ocang470',	'Cimen471'),
('V0000471',	'Ocang471',	'Cimen472'),
('V0000472',	'Ocang472',	'Cimen473'),
('V0000473',	'Ocang473',	'Cimen474'),
('V0000474',	'Ocang474',	'Cimen475'),
('V0000475',	'Ocang475',	'Cimen476'),
('V0000476',	'Ocang476',	'Cimen477'),
('V0000477',	'Ocang477',	'Cimen478'),
('V0000478',	'Ocang478',	'Cimen479'),
('V0000479',	'Ocang479',	'Cimen480'),
('V0000480',	'Ocang480',	'Cimen481'),
('V0000481',	'Ocang481',	'Cimen482'),
('V0000482',	'Ocang482',	'Cimen483'),
('V0000483',	'Ocang483',	'Cimen484'),
('V0000484',	'Ocang484',	'Cimen485'),
('V0000485',	'Ocang485',	'Cimen486'),
('V0000486',	'Ocang486',	'Cimen487'),
('V0000487',	'Ocang487',	'Cimen488'),
('V0000488',	'Ocang488',	'Cimen489'),
('V0000489',	'Ocang489',	'Cimen490'),
('V0000490',	'Ocang490',	'Cimen491'),
('V0000491',	'Ocang491',	'Cimen492'),
('V0000492',	'Ocang492',	'Cimen493'),
('V0000493',	'Ocang493',	'Cimen494'),
('V0000494',	'Ocang494',	'Cimen495'),
('V0000495',	'Ocang495',	'Cimen496'),
('V0000496',	'Ocang496',	'Cimen497'),
('V0000497',	'Ocang497',	'Cimen498'),
('V0000498',	'Ocang498',	'Cimen499'),
('V0000499',	'Ocang499',	'Cimen500'),
('V0000500',	'Ocang500',	'Cimen501'),
('W0000001',	'Ocang1',	'Cimen2'),
('W0000002',	'Ocang2',	'Cimen3'),
('W0000003',	'Ocang3',	'Cimen4'),
('W0000004',	'Ocang4',	'Cimen5'),
('W0000005',	'Ocang5',	'Cimen6'),
('W0000006',	'Ocang6',	'Cimen7'),
('W0000007',	'Ocang7',	'Cimen8'),
('W0000008',	'Ocang8',	'Cimen9'),
('W0000009',	'Ocang9',	'Cimen10'),
('W0000010',	'Ocang10',	'Cimen11'),
('W0000011',	'Ocang11',	'Cimen12'),
('W0000012',	'Ocang12',	'Cimen13'),
('W0000013',	'Ocang13',	'Cimen14'),
('W0000014',	'Ocang14',	'Cimen15'),
('W0000015',	'Ocang15',	'Cimen16'),
('W0000016',	'Ocang16',	'Cimen17'),
('W0000017',	'Ocang17',	'Cimen18'),
('W0000018',	'Ocang18',	'Cimen19'),
('W0000019',	'Ocang19',	'Cimen20'),
('W0000020',	'Ocang20',	'Cimen21'),
('W0000021',	'Ocang21',	'Cimen22'),
('W0000022',	'Ocang22',	'Cimen23'),
('W0000023',	'Ocang23',	'Cimen24'),
('W0000024',	'Ocang24',	'Cimen25'),
('W0000025',	'Ocang25',	'Cimen26'),
('W0000026',	'Ocang26',	'Cimen27'),
('W0000027',	'Ocang27',	'Cimen28'),
('W0000028',	'Ocang28',	'Cimen29'),
('W0000029',	'Ocang29',	'Cimen30'),
('W0000030',	'Ocang30',	'Cimen31'),
('W0000031',	'Ocang31',	'Cimen32'),
('W0000032',	'Ocang32',	'Cimen33'),
('W0000033',	'Ocang33',	'Cimen34'),
('W0000034',	'Ocang34',	'Cimen35'),
('W0000035',	'Ocang35',	'Cimen36'),
('W0000036',	'Ocang36',	'Cimen37'),
('W0000037',	'Ocang37',	'Cimen38'),
('W0000038',	'Ocang38',	'Cimen39'),
('W0000039',	'Ocang39',	'Cimen40'),
('W0000040',	'Ocang40',	'Cimen41'),
('W0000041',	'Ocang41',	'Cimen42'),
('W0000042',	'Ocang42',	'Cimen43'),
('W0000043',	'Ocang43',	'Cimen44'),
('W0000044',	'Ocang44',	'Cimen45'),
('W0000045',	'Ocang45',	'Cimen46'),
('W0000046',	'Ocang46',	'Cimen47'),
('W0000047',	'Ocang47',	'Cimen48'),
('W0000048',	'Ocang48',	'Cimen49'),
('W0000049',	'Ocang49',	'Cimen50'),
('W0000050',	'Ocang50',	'Cimen51'),
('W0000051',	'Ocang51',	'Cimen52'),
('W0000052',	'Ocang52',	'Cimen53'),
('W0000053',	'Ocang53',	'Cimen54'),
('W0000054',	'Ocang54',	'Cimen55'),
('W0000055',	'Ocang55',	'Cimen56'),
('W0000056',	'Ocang56',	'Cimen57'),
('W0000057',	'Ocang57',	'Cimen58'),
('W0000058',	'Ocang58',	'Cimen59'),
('W0000059',	'Ocang59',	'Cimen60'),
('W0000060',	'Ocang60',	'Cimen61'),
('W0000061',	'Ocang61',	'Cimen62'),
('W0000062',	'Ocang62',	'Cimen63'),
('W0000063',	'Ocang63',	'Cimen64'),
('W0000064',	'Ocang64',	'Cimen65'),
('W0000065',	'Ocang65',	'Cimen66'),
('W0000066',	'Ocang66',	'Cimen67'),
('W0000067',	'Ocang67',	'Cimen68'),
('W0000068',	'Ocang68',	'Cimen69'),
('W0000069',	'Ocang69',	'Cimen70'),
('W0000070',	'Ocang70',	'Cimen71'),
('W0000071',	'Ocang71',	'Cimen72'),
('W0000072',	'Ocang72',	'Cimen73'),
('W0000073',	'Ocang73',	'Cimen74'),
('W0000074',	'Ocang74',	'Cimen75'),
('W0000075',	'Ocang75',	'Cimen76'),
('W0000076',	'Ocang76',	'Cimen77'),
('W0000077',	'Ocang77',	'Cimen78'),
('W0000078',	'Ocang78',	'Cimen79'),
('W0000079',	'Ocang79',	'Cimen80'),
('W0000080',	'Ocang80',	'Cimen81'),
('W0000081',	'Ocang81',	'Cimen82'),
('W0000082',	'Ocang82',	'Cimen83'),
('W0000083',	'Ocang83',	'Cimen84'),
('W0000084',	'Ocang84',	'Cimen85'),
('W0000085',	'Ocang85',	'Cimen86'),
('W0000086',	'Ocang86',	'Cimen87'),
('W0000087',	'Ocang87',	'Cimen88'),
('W0000088',	'Ocang88',	'Cimen89'),
('W0000089',	'Ocang89',	'Cimen90'),
('W0000090',	'Ocang90',	'Cimen91'),
('W0000091',	'Ocang91',	'Cimen92'),
('W0000092',	'Ocang92',	'Cimen93'),
('W0000093',	'Ocang93',	'Cimen94'),
('W0000094',	'Ocang94',	'Cimen95'),
('W0000095',	'Ocang95',	'Cimen96'),
('W0000096',	'Ocang96',	'Cimen97'),
('W0000097',	'Ocang97',	'Cimen98'),
('W0000098',	'Ocang98',	'Cimen99'),
('W0000099',	'Ocang99',	'Cimen100'),
('W0000100',	'Ocang100',	'Cimen101'),
('W0000101',	'Ocang101',	'Cimen102'),
('W0000102',	'Ocang102',	'Cimen103'),
('W0000103',	'Ocang103',	'Cimen104'),
('W0000104',	'Ocang104',	'Cimen105'),
('W0000105',	'Ocang105',	'Cimen106'),
('W0000106',	'Ocang106',	'Cimen107'),
('W0000107',	'Ocang107',	'Cimen108'),
('W0000108',	'Ocang108',	'Cimen109'),
('W0000109',	'Ocang109',	'Cimen110'),
('W0000110',	'Ocang110',	'Cimen111'),
('W0000111',	'Ocang111',	'Cimen112'),
('W0000112',	'Ocang112',	'Cimen113'),
('W0000113',	'Ocang113',	'Cimen114'),
('W0000114',	'Ocang114',	'Cimen115'),
('W0000115',	'Ocang115',	'Cimen116'),
('W0000116',	'Ocang116',	'Cimen117'),
('W0000117',	'Ocang117',	'Cimen118'),
('W0000118',	'Ocang118',	'Cimen119'),
('W0000119',	'Ocang119',	'Cimen120'),
('W0000120',	'Ocang120',	'Cimen121'),
('W0000121',	'Ocang121',	'Cimen122'),
('W0000122',	'Ocang122',	'Cimen123'),
('W0000123',	'Ocang123',	'Cimen124'),
('W0000124',	'Ocang124',	'Cimen125'),
('W0000125',	'Ocang125',	'Cimen126'),
('W0000126',	'Ocang126',	'Cimen127'),
('W0000127',	'Ocang127',	'Cimen128'),
('W0000128',	'Ocang128',	'Cimen129'),
('W0000129',	'Ocang129',	'Cimen130'),
('W0000130',	'Ocang130',	'Cimen131'),
('W0000131',	'Ocang131',	'Cimen132'),
('W0000132',	'Ocang132',	'Cimen133'),
('W0000133',	'Ocang133',	'Cimen134'),
('W0000134',	'Ocang134',	'Cimen135'),
('W0000135',	'Ocang135',	'Cimen136'),
('W0000136',	'Ocang136',	'Cimen137'),
('W0000137',	'Ocang137',	'Cimen138'),
('W0000138',	'Ocang138',	'Cimen139'),
('W0000139',	'Ocang139',	'Cimen140'),
('W0000140',	'Ocang140',	'Cimen141'),
('W0000141',	'Ocang141',	'Cimen142'),
('W0000142',	'Ocang142',	'Cimen143'),
('W0000143',	'Ocang143',	'Cimen144'),
('W0000144',	'Ocang144',	'Cimen145'),
('W0000145',	'Ocang145',	'Cimen146'),
('W0000146',	'Ocang146',	'Cimen147'),
('W0000147',	'Ocang147',	'Cimen148'),
('W0000148',	'Ocang148',	'Cimen149'),
('W0000149',	'Ocang149',	'Cimen150'),
('W0000150',	'Ocang150',	'Cimen151'),
('W0000151',	'Ocang151',	'Cimen152'),
('W0000152',	'Ocang152',	'Cimen153'),
('W0000153',	'Ocang153',	'Cimen154'),
('W0000154',	'Ocang154',	'Cimen155'),
('W0000155',	'Ocang155',	'Cimen156'),
('W0000156',	'Ocang156',	'Cimen157'),
('W0000157',	'Ocang157',	'Cimen158'),
('W0000158',	'Ocang158',	'Cimen159'),
('W0000159',	'Ocang159',	'Cimen160'),
('W0000160',	'Ocang160',	'Cimen161'),
('W0000161',	'Ocang161',	'Cimen162'),
('W0000162',	'Ocang162',	'Cimen163'),
('W0000163',	'Ocang163',	'Cimen164'),
('W0000164',	'Ocang164',	'Cimen165'),
('W0000165',	'Ocang165',	'Cimen166'),
('W0000166',	'Ocang166',	'Cimen167'),
('W0000167',	'Ocang167',	'Cimen168'),
('W0000168',	'Ocang168',	'Cimen169'),
('W0000169',	'Ocang169',	'Cimen170'),
('W0000170',	'Ocang170',	'Cimen171'),
('W0000171',	'Ocang171',	'Cimen172'),
('W0000172',	'Ocang172',	'Cimen173'),
('W0000173',	'Ocang173',	'Cimen174'),
('W0000174',	'Ocang174',	'Cimen175'),
('W0000175',	'Ocang175',	'Cimen176'),
('W0000176',	'Ocang176',	'Cimen177'),
('W0000177',	'Ocang177',	'Cimen178'),
('W0000178',	'Ocang178',	'Cimen179'),
('W0000179',	'Ocang179',	'Cimen180'),
('W0000180',	'Ocang180',	'Cimen181'),
('W0000181',	'Ocang181',	'Cimen182'),
('W0000182',	'Ocang182',	'Cimen183'),
('W0000183',	'Ocang183',	'Cimen184'),
('W0000184',	'Ocang184',	'Cimen185'),
('W0000185',	'Ocang185',	'Cimen186'),
('W0000186',	'Ocang186',	'Cimen187'),
('W0000187',	'Ocang187',	'Cimen188'),
('W0000188',	'Ocang188',	'Cimen189'),
('W0000189',	'Ocang189',	'Cimen190'),
('W0000190',	'Ocang190',	'Cimen191'),
('W0000191',	'Ocang191',	'Cimen192'),
('W0000192',	'Ocang192',	'Cimen193'),
('W0000193',	'Ocang193',	'Cimen194'),
('W0000194',	'Ocang194',	'Cimen195'),
('W0000195',	'Ocang195',	'Cimen196'),
('W0000196',	'Ocang196',	'Cimen197'),
('W0000197',	'Ocang197',	'Cimen198'),
('W0000198',	'Ocang198',	'Cimen199'),
('W0000199',	'Ocang199',	'Cimen200'),
('W0000200',	'Ocang200',	'Cimen201'),
('W0000201',	'Ocang201',	'Cimen202'),
('W0000202',	'Ocang202',	'Cimen203'),
('W0000203',	'Ocang203',	'Cimen204'),
('W0000204',	'Ocang204',	'Cimen205'),
('W0000205',	'Ocang205',	'Cimen206'),
('W0000206',	'Ocang206',	'Cimen207'),
('W0000207',	'Ocang207',	'Cimen208'),
('W0000208',	'Ocang208',	'Cimen209'),
('W0000209',	'Ocang209',	'Cimen210'),
('W0000210',	'Ocang210',	'Cimen211'),
('W0000211',	'Ocang211',	'Cimen212'),
('W0000212',	'Ocang212',	'Cimen213'),
('W0000213',	'Ocang213',	'Cimen214'),
('W0000214',	'Ocang214',	'Cimen215'),
('W0000215',	'Ocang215',	'Cimen216'),
('W0000216',	'Ocang216',	'Cimen217'),
('W0000217',	'Ocang217',	'Cimen218'),
('W0000218',	'Ocang218',	'Cimen219'),
('W0000219',	'Ocang219',	'Cimen220'),
('W0000220',	'Ocang220',	'Cimen221'),
('W0000221',	'Ocang221',	'Cimen222'),
('W0000222',	'Ocang222',	'Cimen223'),
('W0000223',	'Ocang223',	'Cimen224'),
('W0000224',	'Ocang224',	'Cimen225'),
('W0000225',	'Ocang225',	'Cimen226'),
('W0000226',	'Ocang226',	'Cimen227'),
('W0000227',	'Ocang227',	'Cimen228'),
('W0000228',	'Ocang228',	'Cimen229'),
('W0000229',	'Ocang229',	'Cimen230'),
('W0000230',	'Ocang230',	'Cimen231'),
('W0000231',	'Ocang231',	'Cimen232'),
('W0000232',	'Ocang232',	'Cimen233'),
('W0000233',	'Ocang233',	'Cimen234'),
('W0000234',	'Ocang234',	'Cimen235'),
('W0000235',	'Ocang235',	'Cimen236'),
('W0000236',	'Ocang236',	'Cimen237'),
('W0000237',	'Ocang237',	'Cimen238'),
('W0000238',	'Ocang238',	'Cimen239'),
('W0000239',	'Ocang239',	'Cimen240'),
('W0000240',	'Ocang240',	'Cimen241'),
('W0000241',	'Ocang241',	'Cimen242'),
('W0000242',	'Ocang242',	'Cimen243'),
('W0000243',	'Ocang243',	'Cimen244'),
('W0000244',	'Ocang244',	'Cimen245'),
('W0000245',	'Ocang245',	'Cimen246'),
('W0000246',	'Ocang246',	'Cimen247'),
('W0000247',	'Ocang247',	'Cimen248'),
('W0000248',	'Ocang248',	'Cimen249'),
('W0000249',	'Ocang249',	'Cimen250'),
('W0000250',	'Ocang250',	'Cimen251'),
('W0000251',	'Ocang251',	'Cimen252'),
('W0000252',	'Ocang252',	'Cimen253'),
('W0000253',	'Ocang253',	'Cimen254'),
('W0000254',	'Ocang254',	'Cimen255'),
('W0000255',	'Ocang255',	'Cimen256'),
('W0000256',	'Ocang256',	'Cimen257'),
('W0000257',	'Ocang257',	'Cimen258'),
('W0000258',	'Ocang258',	'Cimen259'),
('W0000259',	'Ocang259',	'Cimen260'),
('W0000260',	'Ocang260',	'Cimen261'),
('W0000261',	'Ocang261',	'Cimen262'),
('W0000262',	'Ocang262',	'Cimen263'),
('W0000263',	'Ocang263',	'Cimen264'),
('W0000264',	'Ocang264',	'Cimen265'),
('W0000265',	'Ocang265',	'Cimen266'),
('W0000266',	'Ocang266',	'Cimen267'),
('W0000267',	'Ocang267',	'Cimen268'),
('W0000268',	'Ocang268',	'Cimen269'),
('W0000269',	'Ocang269',	'Cimen270'),
('W0000270',	'Ocang270',	'Cimen271'),
('W0000271',	'Ocang271',	'Cimen272'),
('W0000272',	'Ocang272',	'Cimen273'),
('W0000273',	'Ocang273',	'Cimen274'),
('W0000274',	'Ocang274',	'Cimen275'),
('W0000275',	'Ocang275',	'Cimen276'),
('W0000276',	'Ocang276',	'Cimen277'),
('W0000277',	'Ocang277',	'Cimen278'),
('W0000278',	'Ocang278',	'Cimen279'),
('W0000279',	'Ocang279',	'Cimen280'),
('W0000280',	'Ocang280',	'Cimen281'),
('W0000281',	'Ocang281',	'Cimen282'),
('W0000282',	'Ocang282',	'Cimen283'),
('W0000283',	'Ocang283',	'Cimen284'),
('W0000284',	'Ocang284',	'Cimen285'),
('W0000285',	'Ocang285',	'Cimen286'),
('W0000286',	'Ocang286',	'Cimen287'),
('W0000287',	'Ocang287',	'Cimen288'),
('W0000288',	'Ocang288',	'Cimen289'),
('W0000289',	'Ocang289',	'Cimen290'),
('W0000290',	'Ocang290',	'Cimen291'),
('W0000291',	'Ocang291',	'Cimen292'),
('W0000292',	'Ocang292',	'Cimen293'),
('W0000293',	'Ocang293',	'Cimen294'),
('W0000294',	'Ocang294',	'Cimen295'),
('W0000295',	'Ocang295',	'Cimen296'),
('W0000296',	'Ocang296',	'Cimen297'),
('W0000297',	'Ocang297',	'Cimen298'),
('W0000298',	'Ocang298',	'Cimen299'),
('W0000299',	'Ocang299',	'Cimen300'),
('W0000300',	'Ocang300',	'Cimen301'),
('W0000301',	'Ocang301',	'Cimen302'),
('W0000302',	'Ocang302',	'Cimen303'),
('W0000303',	'Ocang303',	'Cimen304'),
('W0000304',	'Ocang304',	'Cimen305'),
('W0000305',	'Ocang305',	'Cimen306'),
('W0000306',	'Ocang306',	'Cimen307'),
('W0000307',	'Ocang307',	'Cimen308'),
('W0000308',	'Ocang308',	'Cimen309'),
('W0000309',	'Ocang309',	'Cimen310'),
('W0000310',	'Ocang310',	'Cimen311'),
('W0000311',	'Ocang311',	'Cimen312'),
('W0000312',	'Ocang312',	'Cimen313'),
('W0000313',	'Ocang313',	'Cimen314'),
('W0000314',	'Ocang314',	'Cimen315'),
('W0000315',	'Ocang315',	'Cimen316'),
('W0000316',	'Ocang316',	'Cimen317'),
('W0000317',	'Ocang317',	'Cimen318'),
('W0000318',	'Ocang318',	'Cimen319'),
('W0000319',	'Ocang319',	'Cimen320'),
('W0000320',	'Ocang320',	'Cimen321'),
('W0000321',	'Ocang321',	'Cimen322'),
('W0000322',	'Ocang322',	'Cimen323'),
('W0000323',	'Ocang323',	'Cimen324'),
('W0000324',	'Ocang324',	'Cimen325'),
('W0000325',	'Ocang325',	'Cimen326'),
('W0000326',	'Ocang326',	'Cimen327'),
('W0000327',	'Ocang327',	'Cimen328'),
('W0000328',	'Ocang328',	'Cimen329'),
('W0000329',	'Ocang329',	'Cimen330'),
('W0000330',	'Ocang330',	'Cimen331'),
('W0000331',	'Ocang331',	'Cimen332'),
('W0000332',	'Ocang332',	'Cimen333'),
('W0000333',	'Ocang333',	'Cimen334'),
('W0000334',	'Ocang334',	'Cimen335'),
('W0000335',	'Ocang335',	'Cimen336'),
('W0000336',	'Ocang336',	'Cimen337'),
('W0000337',	'Ocang337',	'Cimen338'),
('W0000338',	'Ocang338',	'Cimen339'),
('W0000339',	'Ocang339',	'Cimen340'),
('W0000340',	'Ocang340',	'Cimen341'),
('W0000341',	'Ocang341',	'Cimen342'),
('W0000342',	'Ocang342',	'Cimen343'),
('W0000343',	'Ocang343',	'Cimen344'),
('W0000344',	'Ocang344',	'Cimen345'),
('W0000345',	'Ocang345',	'Cimen346'),
('W0000346',	'Ocang346',	'Cimen347'),
('W0000347',	'Ocang347',	'Cimen348'),
('W0000348',	'Ocang348',	'Cimen349'),
('W0000349',	'Ocang349',	'Cimen350'),
('W0000350',	'Ocang350',	'Cimen351'),
('W0000351',	'Ocang351',	'Cimen352'),
('W0000352',	'Ocang352',	'Cimen353'),
('W0000353',	'Ocang353',	'Cimen354'),
('W0000354',	'Ocang354',	'Cimen355'),
('W0000355',	'Ocang355',	'Cimen356'),
('W0000356',	'Ocang356',	'Cimen357'),
('W0000357',	'Ocang357',	'Cimen358'),
('W0000358',	'Ocang358',	'Cimen359'),
('W0000359',	'Ocang359',	'Cimen360'),
('W0000360',	'Ocang360',	'Cimen361'),
('W0000361',	'Ocang361',	'Cimen362'),
('W0000362',	'Ocang362',	'Cimen363'),
('W0000363',	'Ocang363',	'Cimen364'),
('W0000364',	'Ocang364',	'Cimen365'),
('W0000365',	'Ocang365',	'Cimen366'),
('W0000366',	'Ocang366',	'Cimen367'),
('W0000367',	'Ocang367',	'Cimen368'),
('W0000368',	'Ocang368',	'Cimen369'),
('W0000369',	'Ocang369',	'Cimen370'),
('W0000370',	'Ocang370',	'Cimen371'),
('W0000371',	'Ocang371',	'Cimen372'),
('W0000372',	'Ocang372',	'Cimen373'),
('W0000373',	'Ocang373',	'Cimen374'),
('W0000374',	'Ocang374',	'Cimen375'),
('W0000375',	'Ocang375',	'Cimen376'),
('W0000376',	'Ocang376',	'Cimen377'),
('W0000377',	'Ocang377',	'Cimen378'),
('W0000378',	'Ocang378',	'Cimen379'),
('W0000379',	'Ocang379',	'Cimen380'),
('W0000380',	'Ocang380',	'Cimen381'),
('W0000381',	'Ocang381',	'Cimen382'),
('W0000382',	'Ocang382',	'Cimen383'),
('W0000383',	'Ocang383',	'Cimen384'),
('W0000384',	'Ocang384',	'Cimen385'),
('W0000385',	'Ocang385',	'Cimen386'),
('W0000386',	'Ocang386',	'Cimen387'),
('W0000387',	'Ocang387',	'Cimen388'),
('W0000388',	'Ocang388',	'Cimen389'),
('W0000389',	'Ocang389',	'Cimen390'),
('W0000390',	'Ocang390',	'Cimen391'),
('W0000391',	'Ocang391',	'Cimen392'),
('W0000392',	'Ocang392',	'Cimen393'),
('W0000393',	'Ocang393',	'Cimen394'),
('W0000394',	'Ocang394',	'Cimen395'),
('W0000395',	'Ocang395',	'Cimen396'),
('W0000396',	'Ocang396',	'Cimen397'),
('W0000397',	'Ocang397',	'Cimen398'),
('W0000398',	'Ocang398',	'Cimen399'),
('W0000399',	'Ocang399',	'Cimen400'),
('W0000400',	'Ocang400',	'Cimen401'),
('W0000401',	'Ocang401',	'Cimen402'),
('W0000402',	'Ocang402',	'Cimen403'),
('W0000403',	'Ocang403',	'Cimen404'),
('W0000404',	'Ocang404',	'Cimen405'),
('W0000405',	'Ocang405',	'Cimen406'),
('W0000406',	'Ocang406',	'Cimen407'),
('W0000407',	'Ocang407',	'Cimen408'),
('W0000408',	'Ocang408',	'Cimen409'),
('W0000409',	'Ocang409',	'Cimen410'),
('W0000410',	'Ocang410',	'Cimen411'),
('W0000411',	'Ocang411',	'Cimen412'),
('W0000412',	'Ocang412',	'Cimen413'),
('W0000413',	'Ocang413',	'Cimen414'),
('W0000414',	'Ocang414',	'Cimen415'),
('W0000415',	'Ocang415',	'Cimen416'),
('W0000416',	'Ocang416',	'Cimen417'),
('W0000417',	'Ocang417',	'Cimen418'),
('W0000418',	'Ocang418',	'Cimen419'),
('W0000419',	'Ocang419',	'Cimen420'),
('W0000420',	'Ocang420',	'Cimen421'),
('W0000421',	'Ocang421',	'Cimen422'),
('W0000422',	'Ocang422',	'Cimen423'),
('W0000423',	'Ocang423',	'Cimen424'),
('W0000424',	'Ocang424',	'Cimen425'),
('W0000425',	'Ocang425',	'Cimen426'),
('W0000426',	'Ocang426',	'Cimen427'),
('W0000427',	'Ocang427',	'Cimen428'),
('W0000428',	'Ocang428',	'Cimen429'),
('W0000429',	'Ocang429',	'Cimen430'),
('W0000430',	'Ocang430',	'Cimen431'),
('W0000431',	'Ocang431',	'Cimen432'),
('W0000432',	'Ocang432',	'Cimen433'),
('W0000433',	'Ocang433',	'Cimen434'),
('W0000434',	'Ocang434',	'Cimen435'),
('W0000435',	'Ocang435',	'Cimen436'),
('W0000436',	'Ocang436',	'Cimen437'),
('W0000437',	'Ocang437',	'Cimen438'),
('W0000438',	'Ocang438',	'Cimen439'),
('W0000439',	'Ocang439',	'Cimen440'),
('W0000440',	'Ocang440',	'Cimen441'),
('W0000441',	'Ocang441',	'Cimen442'),
('W0000442',	'Ocang442',	'Cimen443'),
('W0000443',	'Ocang443',	'Cimen444'),
('W0000444',	'Ocang444',	'Cimen445'),
('W0000445',	'Ocang445',	'Cimen446'),
('W0000446',	'Ocang446',	'Cimen447'),
('W0000447',	'Ocang447',	'Cimen448'),
('W0000448',	'Ocang448',	'Cimen449'),
('W0000449',	'Ocang449',	'Cimen450'),
('W0000450',	'Ocang450',	'Cimen451'),
('W0000451',	'Ocang451',	'Cimen452'),
('W0000452',	'Ocang452',	'Cimen453'),
('W0000453',	'Ocang453',	'Cimen454'),
('W0000454',	'Ocang454',	'Cimen455'),
('W0000455',	'Ocang455',	'Cimen456'),
('W0000456',	'Ocang456',	'Cimen457'),
('W0000457',	'Ocang457',	'Cimen458'),
('W0000458',	'Ocang458',	'Cimen459'),
('W0000459',	'Ocang459',	'Cimen460'),
('W0000460',	'Ocang460',	'Cimen461'),
('W0000461',	'Ocang461',	'Cimen462'),
('W0000462',	'Ocang462',	'Cimen463'),
('W0000463',	'Ocang463',	'Cimen464'),
('W0000464',	'Ocang464',	'Cimen465'),
('W0000465',	'Ocang465',	'Cimen466'),
('W0000466',	'Ocang466',	'Cimen467'),
('W0000467',	'Ocang467',	'Cimen468'),
('W0000468',	'Ocang468',	'Cimen469'),
('W0000469',	'Ocang469',	'Cimen470'),
('W0000470',	'Ocang470',	'Cimen471'),
('W0000471',	'Ocang471',	'Cimen472'),
('W0000472',	'Ocang472',	'Cimen473'),
('W0000473',	'Ocang473',	'Cimen474'),
('W0000474',	'Ocang474',	'Cimen475'),
('W0000475',	'Ocang475',	'Cimen476'),
('W0000476',	'Ocang476',	'Cimen477'),
('W0000477',	'Ocang477',	'Cimen478'),
('W0000478',	'Ocang478',	'Cimen479'),
('W0000479',	'Ocang479',	'Cimen480'),
('W0000480',	'Ocang480',	'Cimen481'),
('W0000481',	'Ocang481',	'Cimen482'),
('W0000482',	'Ocang482',	'Cimen483'),
('W0000483',	'Ocang483',	'Cimen484'),
('W0000484',	'Ocang484',	'Cimen485'),
('W0000485',	'Ocang485',	'Cimen486'),
('W0000486',	'Ocang486',	'Cimen487'),
('W0000487',	'Ocang487',	'Cimen488'),
('W0000488',	'Ocang488',	'Cimen489'),
('W0000489',	'Ocang489',	'Cimen490'),
('W0000490',	'Ocang490',	'Cimen491'),
('W0000491',	'Ocang491',	'Cimen492'),
('W0000492',	'Ocang492',	'Cimen493'),
('W0000493',	'Ocang493',	'Cimen494'),
('W0000494',	'Ocang494',	'Cimen495'),
('W0000495',	'Ocang495',	'Cimen496'),
('W0000496',	'Ocang496',	'Cimen497'),
('W0000497',	'Ocang497',	'Cimen498'),
('W0000498',	'Ocang498',	'Cimen499'),
('W0000499',	'Ocang499',	'Cimen500'),
('W0000500',	'Ocang500',	'Cimen501');

DROP TABLE IF EXISTS `tb_transaction`;
CREATE TABLE `tb_transaction` (
  `id` int(11) NOT NULL AUTO_INCREMENT,
  `transaction_type` varchar(5) DEFAULT NULL,
  `acn_debet` bigint(20) DEFAULT 0,
  `acn_credit` bigint(20) DEFAULT 0,
  `amount` bigint(20) DEFAULT 0,
  `date_transaction` timestamp NULL DEFAULT current_timestamp(),
  PRIMARY KEY (`id`)
) ENGINE=InnoDB DEFAULT CHARSET=utf8;

INSERT INTO `tb_transaction` (`id`, `transaction_type`, `acn_debet`, `acn_credit`, `amount`, `date_transaction`) VALUES
(1,	'T0001',	9466785391,	0,	100000,	'2019-03-25 15:08:30'),
(2,	'T0001',	9338031422,	0,	1000000,	'2019-03-25 15:20:41'),
(3,	'T0002',	9338031422,	9338031422,	50000,	'2019-03-25 15:21:13'),
(4,	'T0002',	9338031422,	9338031422,	100000,	'2019-03-25 15:26:16'),
(5,	'T0001',	1335343463,	0,	100000,	'2019-03-25 15:29:53'),
(6,	'T0002',	1335343463,	1335343463,	50000,	'2019-03-25 15:30:53'),
(7,	'T0002',	9338031422,	1335343463,	10000,	'2019-03-25 15:31:51'),
(8,	'T0003',	0,	9338031422,	100000,	'2019-03-25 15:37:23'),
(9,	'T0004',	1335343463,	9338031422,	100000,	'2019-03-25 16:07:04'),
(10,	'T0002',	9466785391,	9338031422,	100000,	'2019-03-25 16:36:46'),
(11,	'T0003',	0,	9338031422,	50000,	'2019-03-25 16:39:01'),
(12,	'T0002',	4305488537,	9338031422,	10000,	'2019-03-29 17:09:25'),
(13,	'T0002',	4305488537,	9338031422,	15000,	'2019-03-29 17:11:23'),
(14,	'T0002',	4305488537,	9338031422,	13000,	'2019-03-29 17:27:09'),
(15,	'T0003',	NULL,	9338031422,	100000,	'2019-03-29 17:38:35'),
(16,	'T0002',	9466785391,	9338031422,	15000000,	'2019-03-29 17:39:27'),
(17,	'T0001',	9338031422,	NULL,	200000,	'2019-03-29 19:27:44'),
(18,	'T0001',	9338031422,	NULL,	200000,	'2019-03-29 19:29:23'),
(19,	'T0001',	9338031422,	NULL,	200000,	'2019-03-29 19:31:39'),
(20,	'T0001',	9338031422,	NULL,	100000,	'2019-03-29 19:32:16'),
(21,	'T0002',	9338031422,	9338031422,	1000,	'2019-03-29 19:42:39'),
(22,	'T0002',	8512369875,	9338031422,	1000,	'2019-03-29 19:43:36'),
(23,	'T0003',	NULL,	9338031422,	50000,	'2019-03-29 19:51:12'),
(24,	'T0004',	NULL,	9338031422,	1000,	'2019-03-29 19:58:22'),
(25,	'T0002',	1335343463,	3338046628,	50000,	'2019-03-30 01:07:23'),
(26,	'T0003',	NULL,	3338046628,	50000,	'2019-03-30 01:08:41'),
(27,	'T0002',	1335343463,	4305488537,	50000,	'2019-03-30 02:17:46'),
(28,	'T0003',	NULL,	4305488537,	70000,	'2019-03-30 02:20:01'),
(29,	'T0001',	4305488537,	NULL,	5000,	'2019-03-30 02:22:35'),
(30,	'T0002',	9338031422,	9338031422,	32000,	'2019-03-30 02:32:31'),
(31,	'T0002',	3338046628,	9338031422,	200000,	'2019-03-30 02:33:48'),
(32,	'T0004',	NULL,	9338031422,	50000,	'2019-03-30 02:35:53');

DROP TABLE IF EXISTS `tb_transaction_type`;
CREATE TABLE `tb_transaction_type` (
  `code` varchar(5) NOT NULL,
  `description` varchar(45) DEFAULT NULL,
  PRIMARY KEY (`code`)
) ENGINE=InnoDB DEFAULT CHARSET=utf8;

INSERT INTO `tb_transaction_type` (`code`, `description`) VALUES
('T0001',	'Top Up'),
('T0002',	'Transfer'),
('T0003',	'Tarik Tunai'),
('T0004',	'E Payment');

DROP TABLE IF EXISTS `tb_wallet`;
CREATE TABLE `tb_wallet` (
  `wallet_id` int(11) NOT NULL,
  `description` varchar(225) DEFAULT NULL,
  `active_balance` int(225) NOT NULL DEFAULT 0,
  `created_at` timestamp NULL DEFAULT current_timestamp(),
  `type` varchar(45) DEFAULT NULL,
  `kode_toko` varchar(255) DEFAULT NULL,
  PRIMARY KEY (`wallet_id`)
) ENGINE=InnoDB DEFAULT CHARSET=utf8;

INSERT INTO `tb_wallet` (`wallet_id`, `description`, `active_balance`, `created_at`, `type`, `kode_toko`) VALUES
(13389,	'Goooo',	5000,	'2019-03-30 02:12:55',	'e-payment',	NULL),
(18064,	'E-Banking',	0,	'2019-03-25 16:18:05',	'e-banking',	NULL),
(22543,	'OVO',	142000,	'2019-03-25 15:29:31',	'e-payment',	NULL),
(22681,	'OVO',	250000,	'2019-03-25 14:29:13',	'e-payment',	NULL),
(54445,	'Go Pay',	0,	'2019-03-29 20:56:37',	'e-payment',	NULL),
(54537,	'OVO',	50000,	'2019-03-30 01:04:49',	'e-banking',	NULL),
(55278,	'f3f7c',	32000,	'2019-03-30 01:10:29',	'e-payment',	NULL),
(67696,	'E-Banking',	0,	'2019-03-29 21:03:01',	'e-banking',	NULL),
(80610,	'tyu',	0,	'2019-03-30 02:16:57',	'e-payment',	NULL),
(96032,	'OVO',	750000,	'2019-03-25 15:19:38',	'e-payment',	NULL);

DROP TABLE IF EXISTS `tb_wallet_account`;
CREATE TABLE `tb_wallet_account` (
  `wa_id` int(11) NOT NULL AUTO_INCREMENT,
  `wallet_id` int(11) NOT NULL,
  `account_number` bigint(20) DEFAULT NULL,
  `status` varchar(20) DEFAULT NULL,
  PRIMARY KEY (`wa_id`),
  KEY `FKhlrpa2axcmb5ktw2np77jo35a` (`wallet_id`),
  CONSTRAINT `FKhlrpa2axcmb5ktw2np77jo35a` FOREIGN KEY (`wallet_id`) REFERENCES `tb_wallet` (`wallet_id`)
) ENGINE=InnoDB DEFAULT CHARSET=utf8;

INSERT INTO `tb_wallet_account` (`wa_id`, `wallet_id`, `account_number`, `status`) VALUES
(1,	22681,	9466785391,	'active'),
(2,	96032,	9338031422,	'active'),
(3,	22543,	1335343463,	'active'),
(4,	18064,	9338031422,	'active'),
(7,	54445,	9338031422,	'nonactive'),
(8,	67696,	4305488537,	'active'),
(9,	54537,	3338046628,	'active'),
(10,	55278,	3338046628,	'active'),
(11,	13389,	4305488537,	'active'),
(12,	80610,	4305488537,	'active');

-- 2019-03-30 02:38:50